ChrA#1213#+#CTG#760	ACA
ChrA#1240#+#ATG#760	CTG
ChrA#1267#+#CTG#810	GCA
ChrA#1303#+#CTG#750	CAG
ChrA#1399#+#CTG#830	TTC
ChrA#1458#+#CTG#830	TTC
ChrA#1517#+#ATG#820	TTC
ChrA#1576#+#CTG#890	TTC
ChrA#1595#+#CTG#940	CCT
ChrA#1625#+#CTG#780	AAC
ChrA#1635#+#CTG#890	TTC
ChrA#1654#+#CTG#750	CCT
ChrA#1684#+#CTG#750	AAC
ChrA#1694#+#CTG#930	TTC
ChrA#1798#+#ATG#590	CAA
ChrA#1887#+#CTG#800	ATA
ChrA#3248#+#CTG#890	TTA
ChrA#3355#+#ATG#510	GAA
ChrA#3874#+#CTG#830	ACC
ChrA#4082#+#CTG#940	ATC
ChrA#4275#+#CTG#830	TTT
ChrA#5654#+#ATG#660	CAT
ChrA#6549#+#ATG#780	CAC
ChrA#6552#+#CTG#890	ATG
ChrA#6567#+#CTG#870	TAC
ChrA#6595#+#ATG#580	AGC
ChrA#7006#+#ATG#770	CTA
ChrA#7257#+#ATG#920	CTC
ChrA#7283#+#CTG#780	TGG
ChrA#7305#+#ATG#590	ATC
ChrA#7329#+#CTG#890	CCT
ChrA#7613#+#CTG#750	AAT
ChrA#7799#+#CTG#770	TCA
ChrA#7938#+#CTG#930	ATT
ChrA#7950#+#CTG#820	AAA
ChrA#7956#+#CTG#780	GCT
ChrA#8099#+#CTG#800	GAA
ChrA#8877#+#ATG#890	CTG
ChrA#9165#+#ATG#840	CCA
ChrA#9528#+#ATG#730	AAT
ChrA#9555#+#CTG#880	CTT
ChrA#9594#+#ATG#710	CAG
ChrA#10418#+#CTG#830	CAC
ChrA#10671#+#CTG#980	CCC
ChrA#10722#+#ATG#940	ACA
ChrA#11310#+#CTG#950	AAT
ChrA#11319#+#ATG#750	GCC
ChrA#11634#+#ATG#920	TCA
ChrA#11742#+#CTG#930	TTC
ChrA#11757#+#CTG#810	GAG
ChrA#11769#+#CTG#830	TTA
ChrA#11981#+#ATG#520	GAA
ChrA#12005#+#ATG#800	AAA
ChrA#12008#+#ATG#590	ATG
ChrA#12159#+#ATG#650	AAA
ChrA#12915#+#CTG#860	TCA
ChrA#13338#+#ATG#920	ATC
ChrA#13344#+#CTG#790	CCA
ChrA#13507#+#ATG#580	GAG
ChrA#13577#+#CTG#850	CCA
ChrA#13632#+#CTG#860	TGA
ChrA#14012#+#CTG#830	TTT
ChrA#15275#+#CTG#850	TCT
ChrA#15945#+#ATG#790	AAT
ChrA#15989#+#CTG#870	CAT
ChrA#16008#+#ATG#500	GGC
ChrA#16235#+#ATG#990	ACC
ChrA#16256#+#ATG#990	ATC
ChrA#16266#+#CTG#780	AGG
ChrA#16273#+#CTG#900	CAC
ChrA#16289#+#CTG#970	CCA
ChrA#16811#+#CTG#850	TAA
ChrA#17238#+#ATG#770	ATC
ChrA#17251#+#ATG#680	GAA
ChrA#17305#+#ATG#830	CAG
ChrA#17308#+#ATG#970	ATG
ChrA#17504#+#ATG#530	TGT
ChrA#17649#+#CTG#810	TTA
ChrA#17694#+#CTG#820	AAC
ChrA#17843#+#ATG#850	AAT
ChrA#18835#+#ATG#890	CAT
ChrA#18853#+#CTG#850	GTG
ChrA#18874#+#CTG#910	CTA
ChrA#19152#+#CTG#770	TTC
ChrA#19458#+#ATG#750	CCA
ChrA#19482#+#CTG#790	TTC
ChrA#19594#+#ATG#610	AGA
ChrA#19776#+#ATG#820	GTC
ChrA#19788#+#CTG#830	CCA
ChrA#20203#+#CTG#850	CCA
ChrA#20792#+#ATG#660	TTT
ChrA#20843#+#ATG#640	TAC
ChrA#20851#+#ATG#620	TGT
ChrA#21275#+#ATG#570	CAT
ChrA#21295#+#ATG#500	TTT
ChrA#21419#+#ATG#530	GGA
ChrA#21446#+#ATG#640	TAC
ChrA#21836#+#ATG#520	TCA
ChrA#22814#+#ATG#500	GCG
ChrA#23006#+#ATG#510	AAC
ChrA#23193#+#CTG#810	TAC
ChrA#23234#+#CTG#800	ATA
ChrA#23364#+#CTG#840	GTA
ChrA#23391#+#ATG#750	AGC
ChrA#23406#+#CTG#820	GCC
ChrA#23422#+#CTG#780	CAC
ChrA#24160#+#ATG#700	AAT
ChrA#24845#+#ATG#540	TAT
ChrA#25190#+#ATG#730	TGA
ChrA#25571#+#ATG#610	CCT
ChrA#26869#+#ATG#560	CCA
ChrA#26944#+#CTG#800	TGT
ChrA#26997#+#CTG#790	TTT
ChrA#27125#+#ATG#740	GCA
ChrA#27390#+#ATG#880	GTG
ChrA#28030#+#CTG#780	TGC
ChrA#28664#+#CTG#990	CTT
ChrA#28919#+#ATG#840	AAG
ChrA#28925#+#ATG#630	CCC
ChrA#29108#+#ATG#750	ACA
ChrA#29247#+#ATG#710	AAC
ChrA#30146#+#CTG#760	ATC
ChrA#30293#+#ATG#560	TAT
ChrA#30590#+#ATG#560	AAA
ChrA#30965#+#ATG#560	ATC
ChrA#31573#+#CTG#870	GTC
ChrA#31722#+#ATG#840	AAT
ChrA#31734#+#CTG#780	ATA
ChrA#33346#+#ATG#630	TTA
ChrA#34503#+#CTG#800	ACT
ChrA#35582#+#CTG#790	CTC
ChrA#35676#+#ATG#580	GGA
ChrA#36118#+#CTG#820	ACC
ChrA#36360#+#ATG#860	CTT
ChrA#36566#+#ATG#850	AAT
ChrA#36882#+#ATG#640	TAA
ChrA#37028#+#ATG#570	TTA
ChrA#37279#+#ATG#590	TAT
ChrA#37531#+#ATG#590	AGA
ChrA#37660#+#CTG#750	AAC
ChrA#37682#+#CTG#850	TAG
ChrA#37745#+#CTG#750	AAA
ChrA#38202#+#ATG#570	GAA
ChrA#38327#+#CTG#880	AAT
ChrA#38351#+#CTG#890	AAA
ChrA#38588#+#ATG#560	CAA
ChrA#39702#+#ATG#720	ACT
ChrA#39741#+#ATG#580	TAC
ChrA#39744#+#ATG#540	ATG
ChrA#39751#+#ATG#600	TAC
ChrA#39834#+#CTG#830	AAT
ChrA#39842#+#ATG#690	AAG
ChrA#39855#+#CTG#820	GAC
ChrA#40335#+#ATG#810	ACG
ChrA#40365#+#CTG#850	CAG
ChrA#40371#+#CTG#810	AGT
ChrA#40694#+#ATG#880	AAG
ChrA#40729#+#CTG#830	GCA
ChrA#41899#+#CTG#750	TGT
ChrA#42172#+#ATG#950	GGT
ChrA#42196#+#CTG#880	CCA
ChrA#42208#+#CTG#840	AGC
ChrA#42279#+#CTG#770	GGC
ChrA#42750#+#CTG#850	GCC
ChrA#42771#+#CTG#810	TCC
ChrA#43485#+#CTG#860	ACT
ChrA#43509#+#ATG#820	AGC
ChrA#44284#+#ATG#770	GAC
ChrA#44296#+#CTG#770	ACA
ChrA#44319#+#ATG#650	CAA
ChrA#44326#+#ATG#710	AAG
ChrA#44377#+#ATG#900	GCC
ChrA#44461#+#CTG#830	GCG
ChrA#44477#+#ATG#740	TGC
ChrA#44507#+#ATG#760	ATC
ChrA#44936#+#CTG#850	CAA
ChrA#44942#+#CTG#810	AAG
ChrA#44945#+#CTG#870	CTG
ChrA#44969#+#CTG#980	GTT
ChrA#45075#+#CTG#810	GCT
ChrA#49553#+#ATG#760	GGC
ChrA#49558#+#CTG#770	GAG
ChrA#49598#+#CTG#940	GAG
ChrA#49826#+#ATG#900	TAA
ChrA#49848#+#CTG#870	GAG
ChrA#49854#+#CTG#760	TGC
ChrA#49863#+#CTG#760	AGG
ChrA#49866#+#CTG#910	CTG
ChrA#49916#+#CTG#810	GAG
ChrA#50069#+#CTG#920	TAG
ChrA#50397#+#CTG#970	GAC
ChrA#50403#+#CTG#750	GGC
ChrA#50415#+#CTG#800	CTG
ChrA#50434#+#CTG#860	AAT
ChrA#50681#+#ATG#880	AAG
ChrA#50932#+#CTG#790	TGA
ChrA#50944#+#CTG#810	GTT
ChrA#50950#+#CTG#780	GGC
ChrA#52024#+#ATG#560	TGG
ChrA#52040#+#CTG#880	ATT
ChrA#53840#+#ATG#650	TGG
ChrA#54226#+#CTG#830	TAC
ChrA#54235#+#ATG#880	AAC
ChrA#54259#+#CTG#770	TTC
ChrA#54278#+#ATG#680	TTC
ChrA#55081#+#ATG#540	GCG
ChrA#55103#+#ATG#790	CAG
ChrA#56514#+#CTG#870	CCA
ChrA#56607#+#CTG#820	CTC
ChrA#56616#+#CTG#790	TCT
ChrA#57152#+#ATG#730	TCT
ChrA#57332#+#ATG#610	CCT
ChrA#57783#+#CTG#870	GTC
ChrA#57789#+#CTG#920	TTT
ChrA#58256#+#ATG#620	GCC
ChrA#58268#+#CTG#840	CCA
ChrA#58512#+#CTG#920	AGT
ChrA#59958#+#ATG#500	TCG
ChrA#60019#+#ATG#700	TGA
ChrA#60093#+#CTG#830	TGC
ChrA#60485#+#ATG#810	TAA
ChrA#60543#+#ATG#660	AGA
ChrA#60571#+#ATG#730	CCC
ChrA#61071#+#ATG#550	AAT
ChrA#61720#+#ATG#710	ATC
ChrA#64084#+#CTG#830	TAG
ChrA#64393#+#CTG#840	CAC
ChrA#64604#+#ATG#740	GGC
ChrA#64613#+#CTG#840	GCT
ChrA#64715#+#ATG#520	CAG
ChrA#64918#+#CTG#750	GCC
ChrA#64987#+#CTG#800	GCC
ChrA#65354#+#CTG#790	TGG
ChrA#66233#+#CTG#810	AAC
ChrA#67046#+#CTG#910	TAC
ChrA#67055#+#ATG#790	AAC
ChrA#67098#+#ATG#900	TTC
ChrA#67598#+#ATG#760	ACT
ChrA#67967#+#ATG#590	ATT
ChrA#68611#+#ATG#600	CAT
ChrA#68826#+#CTG#880	CTC
ChrA#68866#+#CTG#820	GTG
ChrA#68879#+#CTG#940	AGG
ChrA#68891#+#ATG#770	ACC
ChrA#69013#+#ATG#700	CAT
ChrA#69210#+#ATG#760	ATT
ChrA#69500#+#ATG#560	CAA
ChrA#69631#+#CTG#880	AGT
ChrA#69751#+#ATG#610	TTA
ChrA#70166#+#CTG#800	ACT
ChrA#71208#+#ATG#870	CTT
ChrA#72422#+#ATG#510	GAG
ChrA#72618#+#CTG#910	TGG
ChrA#72630#+#ATG#730	TGT
ChrA#74070#+#ATG#750	GAA
ChrA#74414#+#ATG#840	GCA
ChrA#74906#+#ATG#750	AAA
ChrA#74921#+#ATG#710	GAA
ChrA#75012#+#ATG#650	TAT
ChrA#75091#+#ATG#830	ATA
ChrA#75480#+#ATG#650	TGA
ChrA#76143#+#CTG#830	GTA
ChrA#76526#+#CTG#890	CCA
ChrA#77306#+#ATG#730	ATC
ChrA#78027#+#ATG#830	CTC
ChrA#78030#+#ATG#840	ATG
ChrA#78656#+#CTG#940	TAT
ChrA#79730#+#ATG#800	AAC
ChrA#80011#+#CTG#950	CCA
ChrA#80023#+#ATG#770	TGG
ChrA#80531#+#CTG#830	ATT
ChrA#81064#+#ATG#600	CTC
ChrA#81106#+#CTG#790	CTA
ChrA#81592#+#ATG#560	CTC
ChrA#81694#+#ATG#500	CCA
ChrA#81887#+#CTG#960	TTC
ChrA#81920#+#CTG#880	AGC
ChrA#81965#+#ATG#860	CCC
ChrA#81971#+#ATG#940	GTT
ChrA#83364#+#ATG#510	GAA
ChrA#83647#+#ATG#680	CAG
ChrA#83650#+#CTG#780	ATG
ChrA#83755#+#ATG#940	CCA
ChrA#83798#+#CTG#860	TCA
ChrA#83953#+#CTG#880	CCA
ChrA#84041#+#ATG#590	TGG
ChrA#84056#+#ATG#650	TGG
ChrA#84181#+#CTG#930	CCC
ChrA#84289#+#CTG#890	ACC
ChrA#85750#+#CTG#790	AGC
ChrA#86155#+#CTG#790	AGC
ChrA#86251#+#ATG#860	TTT
ChrA#86263#+#CTG#760	ATA
ChrA#86947#+#CTG#810	TCA
ChrA#86956#+#CTG#820	TCT
ChrA#87031#+#CTG#810	CGC
ChrA#87335#+#CTG#860	TAG
ChrA#87341#+#ATG#510	GGC
ChrA#87583#+#ATG#510	CAA
ChrA#88320#+#ATG#570	GAA
ChrA#88836#+#CTG#840	TCA
ChrA#89236#+#ATG#530	AAA
ChrA#90321#+#CTG#800	CTT
ChrA#90327#+#ATG#580	GCC
ChrA#90333#+#ATG#770	CTG
ChrA#93418#+#ATG#710	GGA
ChrA#93422#+#CTG#870	TGC
ChrA#93478#+#CTG#790	GCC
ChrA#93802#+#CTG#940	CAT
ChrA#93858#+#CTG#810	GCA
ChrA#94087#+#CTG#930	CAG
ChrA#94099#+#CTG#940	TAC
ChrA#94156#+#CTG#890	CGG
ChrA#94370#+#ATG#690	GTG
ChrA#94397#+#CTG#920	CTC
ChrA#94421#+#ATG#930	GTG
ChrA#94607#+#ATG#580	TCG
ChrA#94640#+#ATG#900	GTG
ChrA#94745#+#CTG#810	AGT
ChrA#94808#+#CTG#880	GCT
ChrA#94826#+#ATG#660	TGC
ChrA#95243#+#CTG#790	TGT
ChrA#95285#+#CTG#750	CAG
ChrA#95297#+#CTG#810	TGC
ChrA#95303#+#CTG#770	GCG
ChrA#95321#+#CTG#820	GCT
ChrA#95328#+#CTG#800	CCG
ChrA#95346#+#ATG#780	GTC
ChrA#95357#+#CTG#870	GGT
ChrA#95979#+#CTG#840	TGT
ChrA#95985#+#CTG#770	TCA
ChrA#96295#+#ATG#540	CCC
ChrA#97286#+#CTG#780	AGG
ChrA#97436#+#CTG#900	CCT
ChrA#97911#+#CTG#880	GGC
ChrA#97935#+#CTG#880	CAC
ChrA#97950#+#CTG#910	ATC
ChrA#97998#+#CTG#830	GAG
ChrA#98043#+#ATG#700	CAC
ChrA#99062#+#ATG#500	CTG
ChrA#99777#+#CTG#860	TCT
ChrA#99853#+#CTG#880	GCA
ChrA#99949#+#CTG#780	AGC
ChrA#100059#+#ATG#640	GGT
ChrA#100074#+#ATG#880	TTG
ChrA#100086#+#CTG#850	TTG
ChrA#100137#+#ATG#560	CCA
ChrA#100182#+#CTG#890	ATC
ChrA#101422#+#CTG#890	CTC
ChrA#101500#+#ATG#790	TCC
ChrA#101513#+#ATG#730	GGT
ChrA#102083#+#ATG#500	AAG
ChrA#102337#+#ATG#610	AAG
ChrA#104057#+#ATG#920	AGC
ChrA#104066#+#CTG#860	TGT
ChrA#104072#+#ATG#740	GGA
ChrA#104102#+#ATG#630	GAC
ChrA#104756#+#CTG#760	AAT
ChrA#105939#+#CTG#860	TTT
ChrA#106426#+#ATG#770	CAG
ChrA#106944#+#ATG#850	TCA
ChrA#106974#+#CTG#810	TTT
ChrA#107538#+#CTG#810	TCG
ChrA#107643#+#ATG#570	GGG
ChrA#108224#+#CTG#790	TTC
ChrA#109088#+#CTG#810	GTG
ChrA#109097#+#ATG#710	AAT
ChrA#111930#+#ATG#690	TGT
ChrA#112593#+#ATG#670	TAG
ChrA#112626#+#CTG#800	GAT
ChrA#112891#+#ATG#790	TAA
ChrA#113096#+#CTG#850	GCT
ChrA#113213#+#ATG#510	AAG
ChrA#113510#+#CTG#850	ACC
ChrA#113592#+#ATG#590	ACG
ChrA#113802#+#ATG#570	GCA
ChrA#113811#+#CTG#810	ATC
ChrA#113876#+#CTG#870	TGC
ChrA#113885#+#CTG#850	TTG
ChrA#114529#+#CTG#870	CCT
ChrA#114876#+#ATG#780	CAA
ChrA#115193#+#ATG#710	TGA
ChrA#115391#+#ATG#600	GAT
ChrA#115715#+#CTG#920	AGT
ChrA#115724#+#ATG#750	TTG
ChrA#116191#+#CTG#800	CAG
ChrA#116242#+#CTG#960	GTG
ChrA#116257#+#CTG#950	TTT
ChrA#116307#+#CTG#820	ACC
ChrA#116597#+#CTG#800	AGC
ChrA#116621#+#ATG#900	CCC
ChrA#116666#+#CTG#960	TCA
ChrA#116678#+#CTG#850	CAG
ChrA#116692#+#CTG#760	AGT
ChrA#116696#+#CTG#820	TGG
ChrA#117374#+#ATG#790	CTC
ChrA#117564#+#ATG#580	TAA
ChrA#117692#+#CTG#860	CTC
ChrA#117735#+#ATG#750	AGA
ChrA#117785#+#CTG#870	AGC
ChrA#117800#+#CTG#750	GCC
ChrA#117839#+#CTG#890	TTC
ChrA#118045#+#CTG#760	GTC
ChrA#118663#+#ATG#530	GGG
ChrA#169044#+#ATG#930	TTC
ChrA#169098#+#ATG#680	TAG
ChrA#169191#+#ATG#680	TAG
ChrA#169284#+#ATG#740	TAG
ChrA#169386#+#ATG#520	TGT
ChrA#171916#+#ATG#770	TGC
ChrA#172101#+#ATG#620	AAT
ChrA#172405#+#CTG#820	TTC
ChrA#172529#+#CTG#800	AGA
ChrA#172544#+#ATG#880	CAG
ChrA#172550#+#CTG#810	CAA
ChrA#173140#+#ATG#510	GAA
ChrA#173657#+#CTG#850	TTC
ChrA#173696#+#ATG#700	GAG
ChrA#173748#+#ATG#630	TAC
ChrA#174124#+#ATG#610	ATT
ChrA#174209#+#ATG#590	AAT
ChrA#174257#+#CTG#870	GTC
ChrA#174275#+#ATG#680	AAA
ChrA#174532#+#ATG#960	CTT
ChrA#174538#+#ATG#800	ACC
ChrA#174541#+#ATG#700	ATG
ChrA#174562#+#ATG#810	ACA
ChrA#174698#+#ATG#660	TTT
ChrA#175062#+#ATG#840	GCA
ChrA#175104#+#CTG#780	GAC
ChrA#175149#+#ATG#590	CCA
ChrA#175209#+#CTG#750	AAG
ChrA#175233#+#ATG#870	CCC
ChrA#176347#+#ATG#800	AAT
ChrA#176524#+#CTG#830	ATT
ChrA#176728#+#ATG#740	AGG
ChrA#176780#+#ATG#820	TAA
ChrA#176865#+#CTG#840	CGG
ChrA#176883#+#CTG#810	GAA
ChrA#176889#+#CTG#790	GAT
ChrA#177854#+#ATG#670	TGA
ChrA#178053#+#ATG#670	CTG
ChrA#178105#+#CTG#920	GCC
ChrA#178153#+#CTG#890	TTC
ChrA#178172#+#CTG#900	CCT
ChrA#178202#+#CTG#810	AAC
ChrA#178261#+#CTG#750	AAC
ChrA#178271#+#CTG#930	TTC
ChrA#178375#+#ATG#590	CAA
ChrA#178658#+#CTG#840	CAG
ChrA#178661#+#CTG#840	CTG
ChrA#178664#+#CTG#840	CTG
ChrA#178674#+#CTG#810	TAG
ChrA#178692#+#CTG#800	CCT
ChrA#179599#+#CTG#900	GAA
ChrA#179824#+#CTG#760	TTA
ChrA#179931#+#ATG#510	GAA
ChrA#180450#+#CTG#750	ACC
ChrA#180659#+#CTG#900	ATC
ChrA#180852#+#CTG#840	TTT
ChrA#182231#+#ATG#530	CAT
ChrA#183133#+#ATG#780	CAC
ChrA#183136#+#CTG#890	ATG
ChrA#183151#+#CTG#870	TAC
ChrA#183179#+#ATG#580	AGC
ChrA#183590#+#ATG#780	CTC
ChrA#183841#+#ATG#920	CTC
ChrA#183867#+#CTG#780	TGG
ChrA#183889#+#ATG#590	ATC
ChrA#183913#+#CTG#890	CCT
ChrA#184197#+#CTG#750	AAT
ChrA#184383#+#CTG#890	TCA
ChrA#184522#+#CTG#930	ATT
ChrA#184534#+#CTG#820	AAA
ChrA#184540#+#CTG#780	GCT
ChrA#184683#+#CTG#800	GAA
ChrA#185461#+#ATG#890	CTG
ChrA#185749#+#ATG#840	CCA
ChrA#186112#+#ATG#790	AAT
ChrA#186139#+#CTG#870	CTT
ChrA#186178#+#ATG#630	CAG
ChrA#187234#+#CTG#980	CCC
ChrA#187285#+#ATG#940	ACA
ChrA#187873#+#CTG#950	AAT
ChrA#187882#+#ATG#750	GCC
ChrA#188197#+#ATG#920	TCA
ChrA#188305#+#CTG#930	TTC
ChrA#188320#+#CTG#810	GAG
ChrA#188332#+#CTG#830	TTA
ChrA#188547#+#ATG#520	GAA
ChrA#188571#+#ATG#800	AAA
ChrA#188574#+#ATG#590	ATG
ChrA#188725#+#ATG#650	AAA
ChrA#189903#+#ATG#920	ATC
ChrA#189909#+#CTG#790	CCA
ChrA#190072#+#ATG#580	GAG
ChrA#190142#+#CTG#850	CCA
ChrA#190197#+#CTG#860	TGA
ChrA#190577#+#CTG#800	TTT
ChrA#192509#+#ATG#790	AAT
ChrA#192553#+#CTG#870	CAT
ChrA#192572#+#ATG#500	GGC
ChrA#192799#+#ATG#990	ACC
ChrA#192820#+#ATG#990	ATC
ChrA#192830#+#CTG#780	AGG
ChrA#192837#+#CTG#900	CAC
ChrA#192853#+#CTG#970	CCA
ChrA#193375#+#CTG#850	TAA
ChrA#193802#+#ATG#710	ATC
ChrA#193815#+#ATG#740	GAA
ChrA#193869#+#ATG#830	CAG
ChrA#193872#+#ATG#970	ATG
ChrA#194068#+#ATG#530	TGT
ChrA#194213#+#CTG#810	TTA
ChrA#194258#+#CTG#820	AAC
ChrA#194407#+#ATG#850	AAT
ChrA#195399#+#ATG#890	CAT
ChrA#195417#+#CTG#850	GTG
ChrA#195438#+#CTG#910	CTA
ChrA#196022#+#ATG#750	CAA
ChrA#196046#+#CTG#790	TTC
ChrA#196143#+#CTG#910	CTA
ChrA#196158#+#ATG#880	AGA
ChrA#196340#+#ATG#890	GTC
ChrA#196352#+#CTG#860	CCA
ChrA#196773#+#CTG#850	CCA
ChrA#197362#+#ATG#700	TTT
ChrA#197421#+#ATG#520	TGT
ChrA#197437#+#ATG#640	TGT
ChrA#197839#+#ATG#570	CAT
ChrA#197859#+#ATG#500	TTT
ChrA#198010#+#ATG#640	TAC
ChrA#198400#+#ATG#520	TCA
ChrA#199380#+#ATG#500	GCG
ChrA#199572#+#ATG#510	AAC
ChrA#199759#+#CTG#810	TAC
ChrA#199800#+#CTG#800	ATA
ChrA#199930#+#CTG#840	GTA
ChrA#199957#+#ATG#750	AGC
ChrA#199972#+#CTG#820	GCC
ChrA#199988#+#CTG#780	CAC
ChrA#200726#+#ATG#700	AAT
ChrA#201411#+#ATG#540	TAT
ChrA#201756#+#ATG#890	TGA
ChrA#201771#+#ATG#880	GGC
ChrA#201774#+#CTG#1000	ATG
ChrA#202137#+#ATG#610	CCT
ChrA#202685#+#CTG#880	GAG
ChrA#203691#+#ATG#740	GCA
ChrA#203956#+#ATG#880	GTG
ChrA#204596#+#CTG#780	TGC
ChrA#205230#+#CTG#990	CTT
ChrA#205485#+#ATG#840	AAG
ChrA#205491#+#ATG#630	CCC
ChrA#205674#+#ATG#750	ACA
ChrA#205813#+#ATG#710	AAC
ChrA#206863#+#ATG#560	TAT
ChrA#207160#+#ATG#560	AAA
ChrA#207535#+#ATG#560	ATC
ChrA#208143#+#CTG#870	GTC
ChrA#208292#+#ATG#850	AAT
ChrA#208304#+#CTG#800	ATA
ChrA#260757#+#ATG#610	TAA
ChrA#261321#+#ATG#770	TGC
ChrA#261506#+#ATG#620	AAT
ChrA#261949#+#ATG#860	CAG
ChrA#261955#+#CTG#900	CAA
ChrA#262888#+#CTG#770	GCT
ChrA#262917#+#ATG#710	CAC
ChrA#263153#+#ATG#640	TAC
ChrA#263500#+#CTG#750	GTC
ChrA#263524#+#ATG#780	ATT
ChrA#263578#+#ATG#750	TAC
ChrA#263605#+#ATG#690	CAC
ChrA#263626#+#ATG#670	CAC
ChrA#263653#+#CTG#890	GTC
ChrA#264457#+#ATG#840	GCA
ChrA#264499#+#CTG#810	GAC
ChrA#264514#+#CTG#760	TGT
ChrA#264544#+#ATG#590	CCA
ChrA#264604#+#CTG#850	AAG
ChrA#264628#+#ATG#800	CCC
ChrA#265729#+#ATG#800	AAT
ChrA#266110#+#ATG#740	AGG
ChrA#266162#+#ATG#820	TAA
ChrA#266247#+#CTG#880	CGG
ChrA#266265#+#CTG#790	GAA
ChrA#267236#+#ATG#670	TGA
ChrA#267435#+#ATG#670	CTG
ChrA#267487#+#CTG#920	GCC
ChrA#267535#+#CTG#890	TTC
ChrA#267554#+#CTG#900	CCT
ChrA#267584#+#CTG#810	AAC
ChrA#267643#+#CTG#750	AAC
ChrA#267653#+#CTG#930	TTC
ChrA#267757#+#ATG#590	CAA
ChrA#268040#+#CTG#840	CAG
ChrA#268043#+#CTG#840	CTG
ChrA#268046#+#CTG#840	CTG
ChrA#268056#+#CTG#810	TAG
ChrA#268074#+#CTG#800	CCT
ChrA#268847#+#CTG#850	GTG
ChrA#268981#+#CTG#900	GAA
ChrA#269119#+#ATG#700	AGA
ChrA#269206#+#CTG#840	TTA
ChrA#269956#+#ATG#770	TTA
ChrA#270249#+#ATG#730	TTA
ChrA#270633#+#CTG#770	CCC
ChrA#270652#+#CTG#890	TAG
ChrA#270665#+#CTG#900	TGC
ChrA#271963#+#ATG#870	GAG
ChrA#272349#+#CTG#930	CTA
ChrA#273340#+#CTG#840	TAG
ChrA#273769#+#ATG#530	AAG
ChrA#274130#+#ATG#520	TAT
ChrA#274151#+#ATG#500	CAC
ChrA#274908#+#CTG#780	CAG
ChrA#275124#+#ATG#590	CAT
ChrA#275362#+#ATG#570	AAT
ChrA#275400#+#CTG#870	GAG
ChrA#275424#+#ATG#920	CAC
ChrA#275438#+#CTG#840	CCC
ChrA#275474#+#CTG#790	TGG
ChrA#275484#+#CTG#890	AAC
ChrA#275489#+#CTG#910	GAG
ChrA#275511#+#ATG#880	CCA
ChrA#275922#+#ATG#780	CAA
ChrA#275964#+#ATG#610	TCC
ChrA#275968#+#CTG#750	TGC
ChrA#276334#+#ATG#530	ATT
ChrA#276365#+#ATG#590	AAT
ChrA#276374#+#ATG#560	CAT
ChrA#276902#+#CTG#770	CTC
ChrA#276929#+#CTG#820	ATC
ChrA#277207#+#ATG#520	TTT
ChrA#277256#+#ATG#640	CCT
ChrA#277521#+#ATG#570	TCA
ChrA#278010#+#ATG#520	TGA
ChrA#281586#+#ATG#730	ACG
ChrA#281710#+#ATG#540	GTC
ChrA#281722#+#ATG#630	AGC
ChrA#281885#+#ATG#510	CTG
ChrA#282720#+#ATG#800	AAG
ChrA#285477#+#CTG#930	GAA
ChrA#285497#+#CTG#840	TCG
ChrA#285501#+#CTG#930	TGC
ChrA#285504#+#CTG#870	CTG
ChrA#285638#+#CTG#840	TTT
ChrA#285890#+#CTG#780	TGC
ChrA#286627#+#CTG#750	CAC
ChrA#286752#+#ATG#660	AGG
ChrA#287671#+#CTG#850	GCG
ChrA#287729#+#CTG#810	CTT
ChrA#287955#+#ATG#560	CCT
ChrA#289337#+#CTG#830	GGA
ChrA#289349#+#CTG#770	CTT
ChrA#289361#+#ATG#540	GAG
ChrA#289563#+#CTG#760	CAG
ChrA#289680#+#CTG#790	GGG
ChrA#289712#+#CTG#750	GAG
ChrA#289718#+#ATG#590	CCC
ChrA#289897#+#CTG#780	GAA
ChrA#289981#+#ATG#860	ACC
ChrA#290044#+#CTG#900	GAG
ChrA#290453#+#ATG#610	CCC
ChrA#292079#+#ATG#910	TTT
ChrA#292193#+#CTG#840	ATT
ChrA#292271#+#CTG#790	TCC
ChrA#293971#+#CTG#840	AAG
ChrA#294928#+#ATG#510	GAT
ChrA#294956#+#CTG#840	GGC
ChrA#295194#+#ATG#620	AGG
ChrA#295514#+#CTG#870	AAT
ChrA#295556#+#CTG#860	CCG
ChrA#295559#+#CTG#910	CTG
ChrA#295972#+#CTG#800	TCA
ChrA#296036#+#CTG#910	TTT
ChrA#297042#+#CTG#760	CAA
ChrA#297405#+#ATG#640	GGA
ChrA#297766#+#CTG#760	GAC
ChrA#297787#+#CTG#770	CCT
ChrA#297796#+#ATG#690	CCT
ChrA#298048#+#CTG#820	ACC
ChrA#298090#+#CTG#860	ATT
ChrA#298099#+#ATG#880	TTG
ChrA#298147#+#CTG#770	CTC
ChrA#298399#+#ATG#680	GAA
ChrA#298464#+#ATG#580	GAG
ChrA#298470#+#ATG#590	CCT
ChrA#298515#+#ATG#970	AAG
ChrA#298846#+#CTG#870	AGC
ChrA#299244#+#CTG#930	CAT
ChrA#299297#+#CTG#890	CAT
ChrA#299328#+#ATG#630	GGG
ChrA#300342#+#CTG#800	CTC
ChrA#300351#+#ATG#830	GCT
ChrA#300440#+#ATG#540	GCA
ChrA#301396#+#ATG#500	CAA
ChrA#302057#+#ATG#580	AGA
ChrA#302066#+#ATG#610	GAG
ChrA#302102#+#CTG#900	CTA
ChrA#302129#+#CTG#750	ACC
ChrA#302616#+#CTG#880	TAC
ChrA#302757#+#CTG#800	AAA
ChrA#302760#+#CTG#850	CTG
ChrA#302815#+#ATG#730	TAG
ChrA#302841#+#CTG#890	GAG
ChrA#302865#+#CTG#840	GGC
ChrA#302976#+#ATG#880	TCA
ChrA#303015#+#CTG#860	ATT
ChrA#303434#+#ATG#620	TAA
ChrA#304242#+#CTG#880	GGC
ChrA#304257#+#ATG#700	AGG
ChrA#304269#+#CTG#780	CAT
ChrA#304285#+#ATG#520	TTC
ChrA#304546#+#ATG#820	CCC
ChrA#304582#+#CTG#860	GTA
ChrA#304663#+#ATG#810	GCC
ChrA#305330#+#CTG#920	CCC
ChrA#305351#+#CTG#870	ACT
ChrA#305480#+#CTG#840	TGT
ChrA#306161#+#CTG#850	TTT
ChrA#306623#+#CTG#820	GAT
ChrA#306654#+#ATG#580	AGG
ChrA#306764#+#CTG#840	GTC
ChrA#307011#+#ATG#540	GAG
ChrA#307218#+#CTG#980	CTC
ChrA#307272#+#ATG#670	GGC
ChrA#307862#+#ATG#650	GAA
ChrA#307942#+#CTG#830	ACT
ChrA#307987#+#CTG#810	TTC
ChrA#308059#+#ATG#670	GAG
ChrA#308113#+#ATG#660	TCA
ChrA#308907#+#ATG#510	TAA
ChrA#308993#+#CTG#950	GTT
ChrA#309017#+#CTG#780	TCC
ChrA#309116#+#CTG#800	CTC
ChrA#309164#+#CTG#790	GAG
ChrA#309167#+#CTG#790	CTG
ChrA#309823#+#ATG#950	TTT
ChrA#310410#+#ATG#560	TCT
ChrA#310713#+#ATG#630	CAA
ChrA#310771#+#ATG#690	AGC
ChrA#311659#+#CTG#840	ACT
ChrA#311758#+#CTG#860	GCT
ChrA#312768#+#ATG#530	GAT
ChrA#312790#+#CTG#820	GTG
ChrA#314391#+#ATG#810	GAC
ChrA#314432#+#CTG#950	ATC
ChrA#314772#+#ATG#820	CTC
ChrA#314781#+#ATG#810	AAA
ChrA#315034#+#ATG#600	TAA
ChrA#315882#+#ATG#500	CCT
ChrA#316933#+#CTG#790	GCC
ChrA#316990#+#ATG#760	CAC
ChrA#316993#+#CTG#850	ATG
ChrA#317008#+#CTG#750	TAC
ChrA#317307#+#CTG#750	TTT
ChrA#317447#+#ATG#790	CTA
ChrA#317692#+#CTG#890	GAC
ChrA#317698#+#ATG#900	CTC
ChrA#317724#+#CTG#800	TGG
ChrA#317746#+#ATG#570	ATC
ChrA#317770#+#CTG#900	CCT
ChrA#318240#+#CTG#890	TCA
ChrA#318379#+#CTG#930	ATT
ChrA#318391#+#CTG#850	AAA
ChrA#318397#+#CTG#830	GCT
ChrA#318538#+#CTG#800	GAA
ChrA#319315#+#ATG#530	CTG
ChrA#319602#+#ATG#740	CCA
ChrA#319965#+#ATG#790	AAT
ChrA#319992#+#CTG#870	CTT
ChrA#320031#+#ATG#630	CAG
ChrA#321070#+#CTG#900	CCC
ChrA#321121#+#ATG#940	ACA
ChrA#322043#+#ATG#930	CTT
ChrA#322142#+#CTG#820	TTC
ChrA#322157#+#CTG#810	GAG
ChrA#322169#+#CTG#830	TTA
ChrA#322562#+#ATG#650	AAA
ChrA#322633#+#ATG#510	GAA
ChrA#322981#+#CTG#760	CCA
ChrA#323746#+#ATG#910	ATC
ChrA#323915#+#ATG#580	GAG
ChrA#323985#+#CTG#870	CCA
ChrA#324040#+#CTG#860	TGA
ChrA#324263#+#ATG#670	TAC
ChrA#325744#+#CTG#850	TCT
ChrA#325776#+#ATG#560	GCC
ChrA#325824#+#ATG#600	ACC
ChrA#325988#+#ATG#500	GAA
ChrA#325994#+#ATG#510	GTG
ChrA#326783#+#ATG#760	GCT
ChrA#327316#+#ATG#500	ATC
ChrA#328431#+#ATG#590	AAT
ChrA#328533#+#CTG#950	CAG
ChrA#328572#+#ATG#810	GAA
ChrA#328655#+#ATG#600	AGA
ChrA#328673#+#CTG#790	ATC
ChrA#330055#+#ATG#560	GAA
ChrA#330535#+#ATG#580	ATC
ChrA#331003#+#CTG#890	CAG
ChrA#331102#+#ATG#500	AAA
ChrA#331262#+#ATG#550	AGC
ChrA#331286#+#ATG#790	AAA
ChrA#331525#+#ATG#560	TGA
ChrA#332113#+#CTG#900	CTC
ChrA#332228#+#ATG#760	AAA
ChrA#332619#+#ATG#740	GCC
ChrA#332739#+#CTG#880	TAT
ChrA#332897#+#CTG#930	CCC
ChrA#333703#+#ATG#680	AAA
ChrA#333858#+#CTG#810	TTA
ChrA#333891#+#ATG#700	TTA
ChrA#334512#+#ATG#530	GAA
ChrA#334829#+#ATG#710	TAC
ChrA#336156#+#CTG#790	CCT
ChrA#337647#+#ATG#870	TTA
ChrA#337704#+#CTG#850	TTA
ChrA#337716#+#ATG#690	GTC
ChrA#337719#+#ATG#520	ATG
ChrA#337980#+#CTG#870	GCC
ChrA#338030#+#ATG#810	ACA
ChrA#338117#+#ATG#750	CTT
ChrA#338547#+#ATG#540	ACA
ChrA#338604#+#ATG#650	TAG
ChrA#338787#+#ATG#660	TTA
ChrA#339234#+#ATG#680	ATT
ChrA#339499#+#ATG#550	TAT
ChrA#339559#+#CTG#830	ATA
ChrA#339571#+#ATG#790	ACA
ChrA#341111#+#ATG#810	AAT
ChrA#341510#+#ATG#750	TAA
ChrA#341825#+#ATG#920	ATC
ChrA#342579#+#ATG#610	TCT
ChrA#342620#+#CTG#760	TGA
ChrA#342789#+#ATG#570	GAC
ChrA#342816#+#ATG#580	GAC
ChrA#347655#+#ATG#540	TAA
ChrA#348117#+#ATG#740	TGA
ChrA#348853#+#ATG#510	AGT
ChrA#349105#+#ATG#730	AAC
ChrA#349141#+#CTG#910	TTG
ChrA#349147#+#ATG#760	AGA
ChrA#349150#+#ATG#740	ATG
ChrA#349606#+#ATG#840	CTG
ChrA#349654#+#ATG#930	TAG
ChrA#350012#+#ATG#690	CTG
ChrA#350159#+#ATG#560	AGA
ChrA#350629#+#ATG#560	TAT
ChrA#350749#+#CTG#830	GAT
ChrA#350852#+#ATG#610	AAA
ChrA#350909#+#ATG#560	TCA
ChrA#351025#+#CTG#790	AAT
ChrA#351187#+#CTG#760	GCA
ChrA#351336#+#CTG#860	GTT
ChrA#351369#+#CTG#830	GAG
ChrA#352216#+#CTG#750	TTG
ChrA#352270#+#ATG#680	TCA
ChrA#352609#+#CTG#750	TAG
ChrA#352642#+#ATG#520	ACA
ChrA#352654#+#ATG#750	GGA
ChrA#352973#+#CTG#850	TCT
ChrA#352988#+#CTG#980	TCT
ChrA#353119#+#ATG#870	CTG
ChrA#353125#+#CTG#840	GCT
ChrA#353275#+#CTG#850	TGG
ChrA#353551#+#ATG#860	TCC
ChrA#353557#+#ATG#870	AAG
ChrA#353775#+#CTG#780	GAC
ChrA#354054#+#CTG#830	TTG
ChrA#354471#+#ATG#510	CAA
ChrA#355720#+#ATG#500	TCA
ChrA#357426#+#ATG#680	CAT
ChrA#357581#+#ATG#500	TTC
ChrA#358261#+#ATG#550	AAA
ChrA#358279#+#ATG#970	ACC
ChrA#358342#+#CTG#790	AAG
ChrA#358686#+#ATG#540	AAA
ChrA#359277#+#ATG#900	AAG
ChrA#359561#+#ATG#730	TAA
ChrA#359588#+#ATG#660	CAC
ChrA#361532#+#ATG#730	CAA
ChrA#362194#+#ATG#590	AAC
ChrA#362222#+#CTG#830	CCA
ChrA#362234#+#CTG#840	GAG
ChrA#362258#+#ATG#740	TGG
ChrA#362320#+#ATG#690	AGT
ChrA#362350#+#CTG#780	CCA
ChrA#362431#+#CTG#840	AAG
ChrA#362593#+#CTG#880	TAT
ChrA#362605#+#ATG#760	GCC
ChrA#362611#+#ATG#610	GCT
ChrA#362665#+#ATG#830	GCG
ChrA#362752#+#ATG#830	TCA
ChrA#363708#+#ATG#610	TCC
ChrA#363796#+#CTG#810	TCT
ChrA#364342#+#ATG#510	GCT
ChrA#364525#+#CTG#940	ATA
ChrA#364534#+#CTG#930	CCT
ChrA#364561#+#ATG#910	AAG
ChrA#364588#+#ATG#780	CCT
ChrA#364761#+#ATG#850	GAA
ChrA#364767#+#ATG#910	CCT
ChrA#365917#+#ATG#520	GCC
ChrA#366022#+#ATG#520	TCT
ChrA#366644#+#CTG#820	CTA
ChrA#366780#+#ATG#570	ACT
ChrA#368099#+#ATG#640	TTC
ChrA#368842#+#ATG#510	AGG
ChrA#368884#+#ATG#690	GCG
ChrA#368893#+#ATG#750	CAA
ChrA#369573#+#CTG#890	CTT
ChrA#369733#+#ATG#930	TGA
ChrA#369745#+#ATG#880	ATA
ChrA#369754#+#ATG#920	GTG
ChrA#370470#+#CTG#960	TCA
ChrA#372197#+#ATG#600	GTA
ChrA#372454#+#ATG#610	GAA
ChrA#372475#+#ATG#730	CTA
ChrA#372854#+#CTG#750	GTT
ChrA#373151#+#ATG#530	TCA
ChrA#373585#+#CTG#860	TAA
ChrA#373624#+#CTG#870	AAT
ChrA#373663#+#CTG#760	TGC
ChrA#374181#+#ATG#570	GTA
ChrA#374261#+#ATG#530	TAT
ChrA#374710#+#CTG#930	GTG
ChrA#374731#+#CTG#870	ATT
ChrA#374859#+#ATG#570	ATC
ChrA#375769#+#CTG#940	TGT
ChrA#375809#+#ATG#650	TAG
ChrA#375899#+#CTG#850	CCT
ChrA#375938#+#CTG#870	TAG
ChrA#376009#+#CTG#930	GCC
ChrA#376134#+#ATG#780	CTT
ChrA#376174#+#ATG#500	AAA
ChrA#376239#+#CTG#940	TTC
ChrA#376248#+#CTG#860	AAA
ChrA#376557#+#CTG#850	TTT
ChrA#376684#+#ATG#910	TTC
ChrA#376687#+#CTG#800	ATG
ChrA#376722#+#ATG#560	TTT
ChrA#376782#+#ATG#820	ATC
ChrA#376974#+#ATG#900	ATT
ChrA#377495#+#ATG#750	TGA
ChrA#377832#+#CTG#790	GCT
ChrA#378822#+#ATG#520	GTG
ChrA#379014#+#ATG#510	AAC
ChrA#379201#+#CTG#810	TAC
ChrA#379242#+#CTG#800	ATA
ChrA#379372#+#CTG#840	GTA
ChrA#379399#+#ATG#750	AGC
ChrA#379414#+#CTG#820	GCC
ChrA#379430#+#CTG#780	CAC
ChrA#380168#+#ATG#700	AAT
ChrA#380853#+#ATG#540	TAT
ChrA#381198#+#ATG#890	TGA
ChrA#381213#+#ATG#880	GGC
ChrA#381216#+#CTG#1000	ATG
ChrA#381579#+#ATG#610	CCT
ChrA#382127#+#CTG#880	GAG
ChrA#383132#+#ATG#740	GCA
ChrA#383397#+#ATG#880	GTG
ChrA#383788#+#ATG#650	CCC
ChrA#384037#+#CTG#780	TGC
ChrA#384671#+#CTG#990	CTT
ChrA#384926#+#ATG#840	AAG
ChrA#384932#+#ATG#630	CCC
ChrA#385115#+#ATG#750	ACA
ChrA#385254#+#ATG#710	AAC
ChrA#386157#+#CTG#760	ATC
ChrA#386304#+#ATG#560	TAT
ChrA#386601#+#ATG#560	AAA
ChrA#386976#+#ATG#560	ATC
ChrA#387584#+#CTG#870	GTC
ChrA#389359#+#ATG#630	TTA
ChrA#390514#+#CTG#800	ACT
ChrA#391572#+#CTG#790	CTC
ChrA#391666#+#ATG#580	GGA
ChrA#392349#+#ATG#860	CTT
ChrA#392555#+#ATG#850	AAT
ChrA#392871#+#ATG#640	TAA
ChrA#393017#+#ATG#570	TTA
ChrA#393268#+#ATG#590	TAT
ChrA#393649#+#CTG#750	AAC
ChrA#393671#+#CTG#850	TAG
ChrA#393734#+#CTG#750	AAA
ChrA#394187#+#ATG#570	GAA
ChrA#394312#+#CTG#880	AAT
ChrA#394336#+#CTG#890	AAA
ChrA#394572#+#ATG#560	CAA
ChrA#395686#+#ATG#760	ACT
ChrA#395735#+#ATG#600	TAC
ChrA#395818#+#CTG#830	AAT
ChrA#395826#+#ATG#900	AAG
ChrA#396320#+#ATG#810	ACG
ChrA#396350#+#CTG#850	CAG
ChrA#396356#+#CTG#800	AGT
ChrA#396679#+#ATG#670	AAG
ChrA#396863#+#ATG#730	GAG
ChrA#396902#+#CTG#830	CTC
ChrA#398159#+#ATG#950	GGT
ChrA#398183#+#CTG#880	CCA
ChrA#398195#+#CTG#840	AGC
ChrA#398266#+#CTG#770	GGC
ChrA#398737#+#CTG#850	GCC
ChrA#398758#+#CTG#810	TCC
ChrA#399472#+#CTG#860	ACT
ChrA#399496#+#ATG#820	AGC
ChrA#399520#-#CTG#830	GGG
ChrA#398522#-#CTG#930	TTG
ChrA#398507#-#CTG#830	TGG
ChrA#398483#-#ATG#910	GGG
ChrA#398157#-#CTG#850	TAC
ChrA#398115#-#ATG#860	GCC
ChrA#397822#-#CTG#800	GTC
ChrA#397225#-#CTG#820	TGA
ChrA#396887#-#CTG#780	AGC
ChrA#396703#-#CTG#750	AGC
ChrA#396584#-#ATG#810	GTG
ChrA#396524#-#CTG#840	ACA
ChrA#396488#-#CTG#890	CAG
ChrA#396461#-#ATG#860	AAA
ChrA#396413#-#CTG#960	CAA
ChrA#396383#-#ATG#970	AAA
ChrA#396362#-#CTG#970	GCA
ChrA#395953#-#CTG#760	ACC
ChrA#395778#-#ATG#510	AAG
ChrA#393961#-#ATG#500	TTT
ChrA#393612#-#CTG#840	CTA
ChrA#392627#-#ATG#810	CTA
ChrA#391986#-#ATG#920	CAC
ChrA#391917#-#CTG#780	GGT
ChrA#391494#-#ATG#810	TAC
ChrA#391464#-#CTG#920	GGG
ChrA#391218#-#CTG#930	ATT
ChrA#390989#-#ATG#890	GCA
ChrA#390980#-#ATG#900	AAT
ChrA#390848#-#CTG#870	GTC
ChrA#389579#-#CTG#810	TCA
ChrA#388518#-#CTG#810	ATT
ChrA#388464#-#CTG#840	GCA
ChrA#388101#-#CTG#840	ATA
ChrA#388065#-#ATG#830	GGT
ChrA#388053#-#CTG#770	GCC
ChrA#386978#-#ATG#920	GCC
ChrA#386132#-#CTG#860	TTG
ChrA#385809#-#CTG#800	TAT
ChrA#384547#-#ATG#690	ACA
ChrA#384238#-#CTG#830	TAT
ChrA#383955#-#ATG#740	ATC
ChrA#383853#-#ATG#590	CTA
ChrA#383373#-#ATG#900	ACA
ChrA#383367#-#ATG#880	TCA
ChrA#383215#-#ATG#600	TCC
ChrA#383172#-#ATG#850	CTG
ChrA#383099#-#CTG#890	TAT
ChrA#383069#-#ATG#830	TTT
ChrA#383033#-#CTG#890	GAG
ChrA#382659#-#ATG#940	TAA
ChrA#382635#-#CTG#820	TTG
ChrA#382507#-#CTG#800	TTT
ChrA#382030#-#ATG#890	GCC
ChrA#381652#-#CTG#820	AAC
ChrA#381641#-#CTG#760	GAG
ChrA#381634#-#CTG#810	ATT
ChrA#380547#-#ATG#760	CAA
ChrA#380448#-#ATG#820	GAA
ChrA#380069#-#ATG#540	CAA
ChrA#379496#-#ATG#720	AAA
ChrA#378290#-#ATG#720	TGA
ChrA#378105#-#CTG#820	TTT
ChrA#377996#-#ATG#570	AGT
ChrA#377993#-#CTG#750	ATG
ChrA#377856#-#CTG#770	AAA
ChrA#377222#-#ATG#840	TAC
ChrA#377216#-#CTG#830	ATT
ChrA#376784#-#ATG#680	ACC
ChrA#376506#-#ATG#740	TGA
ChrA#376491#-#ATG#790	AAA
ChrA#376314#-#CTG#830	TAT
ChrA#376154#-#CTG#760	AAG
ChrA#376092#-#ATG#800	GCC
ChrA#375909#-#ATG#520	GCC
ChrA#375791#-#ATG#600	TGT
ChrA#375781#-#CTG#750	TGC
ChrA#375613#-#ATG#580	GGA
ChrA#375580#-#CTG#750	TGC
ChrA#375562#-#ATG#920	ACA
ChrA#374957#-#ATG#770	CTC
ChrA#374654#-#CTG#840	CAT
ChrA#374496#-#ATG#890	AAT
ChrA#374377#-#ATG#510	AAA
ChrA#374158#-#ATG#660	ATC
ChrA#372612#-#ATG#630	CTC
ChrA#372373#-#CTG#760	GAC
ChrA#372364#-#ATG#680	TTA
ChrA#372138#-#ATG#1000	ATT
ChrA#371578#-#CTG#770	CCT
ChrA#371167#-#ATG#660	TAT
ChrA#370698#-#ATG#800	ACA
ChrA#370281#-#ATG#720	GCA
ChrA#369893#-#ATG#770	CTC
ChrA#369848#-#ATG#500	TTG
ChrA#369672#-#CTG#810	AAA
ChrA#368360#-#ATG#600	CAC
ChrA#368294#-#ATG#890	TTG
ChrA#368134#-#ATG#700	AAC
ChrA#368122#-#CTG#870	AAA
ChrA#368101#-#ATG#830	TTC
ChrA#368004#-#CTG#800	CAC
ChrA#367624#-#CTG#830	TAC
ChrA#367401#-#ATG#510	TTT
ChrA#366740#-#ATG#560	GAA
ChrA#365919#-#ATG#770	GTC
ChrA#365910#-#ATG#620	ACT
ChrA#365900#-#ATG#560	TAA
ChrA#365434#-#ATG#520	TAT
ChrA#365029#-#ATG#700	TCT
ChrA#364854#-#CTG#960	ATT
ChrA#364809#-#ATG#770	TGA
ChrA#364806#-#ATG#850	ATG
ChrA#363823#-#ATG#620	TTC
ChrA#363383#-#ATG#560	CTT
ChrA#363185#-#CTG#930	ACA
ChrA#363173#-#ATG#700	TTG
ChrA#363170#-#ATG#510	ATG
ChrA#362444#-#ATG#570	CTA
ChrA#362160#-#ATG#510	CAG
ChrA#361561#-#ATG#610	TAG
ChrA#361555#-#ATG#560	ATT
ChrA#361438#-#ATG#650	GTT
ChrA#361351#-#CTG#780	TTT
ChrA#361335#-#CTG#770	TTG
ChrA#360576#-#ATG#520	TCT
ChrA#359706#-#ATG#770	CCT
ChrA#359526#-#CTG#890	TTT
ChrA#359070#-#ATG#520	TGC
ChrA#359001#-#CTG#750	ACC
ChrA#358356#-#ATG#500	AGA
ChrA#357899#-#CTG#760	TCT
ChrA#357896#-#ATG#790	CTG
ChrA#357867#-#ATG#620	CAT
ChrA#357848#-#ATG#910	TAA
ChrA#357831#-#ATG#740	GAA
ChrA#357682#-#CTG#910	ACT
ChrA#357679#-#ATG#860	CTG
ChrA#357519#-#ATG#660	TTT
ChrA#357004#-#ATG#630	GGA
ChrA#356299#-#CTG#840	GTG
ChrA#356296#-#CTG#950	CTG
ChrA#355784#-#ATG#750	TTT
ChrA#355778#-#CTG#760	AGT
ChrA#355730#-#CTG#750	CTC
ChrA#355647#-#CTG#770	CCT
ChrA#355490#-#ATG#650	GTT
ChrA#354636#-#CTG#760	TAG
ChrA#354536#-#ATG#630	TCC
ChrA#354273#-#CTG#880	TCT
ChrA#354228#-#CTG#780	AAT
ChrA#354225#-#ATG#830	CTG
ChrA#354219#-#ATG#860	ACT
ChrA#353602#-#CTG#800	GTT
ChrA#353572#-#CTG#760	GCT
ChrA#353379#-#CTG#830	ACC
ChrA#353351#-#CTG#830	AGG
ChrA#353331#-#CTG#990	TTG
ChrA#353315#-#CTG#790	CCT
ChrA#353282#-#ATG#750	CAG
ChrA#352791#-#CTG#880	AGA
ChrA#352788#-#CTG#900	CTG
ChrA#352741#-#ATG#710	TGT
ChrA#352705#-#CTG#900	TCC
ChrA#352675#-#ATG#750	AGA
ChrA#352669#-#CTG#880	GTT
ChrA#352636#-#ATG#790	GGC
ChrA#352615#-#CTG#830	CTC
ChrA#352597#-#CTG#840	TGT
ChrA#351736#-#ATG#710	ACA
ChrA#351682#-#ATG#740	TCA
ChrA#351616#-#ATG#790	AGA
ChrA#351561#-#ATG#540	ACA
ChrA#351427#-#ATG#830	TTC
ChrA#351418#-#CTG#780	CTA
ChrA#351415#-#CTG#840	CTG
ChrA#351091#-#CTG#800	TTG
ChrA#350422#-#CTG#810	GCT
ChrA#350158#-#CTG#860	ATT
ChrA#350152#-#ATG#940	TTA
ChrA#350122#-#CTG#890	TTG
ChrA#349878#-#ATG#850	CAT
ChrA#349171#-#ATG#800	GAC
ChrA#348514#-#CTG#870	TAA
ChrA#348285#-#CTG#900	GGT
ChrA#348234#-#ATG#540	GTA
ChrA#347067#-#ATG#820	CAT
ChrA#347052#-#ATG#810	GCC
ChrA#346980#-#CTG#830	TCA
ChrA#346932#-#CTG#800	TCT
ChrA#346848#-#ATG#670	ATC
ChrA#346705#-#ATG#530	ATA
ChrA#346651#-#ATG#650	AGA
ChrA#342837#-#ATG#500	CAT
ChrA#342818#-#ATG#770	TCC
ChrA#342770#-#ATG#580	TTG
ChrA#342491#-#ATG#810	CCA
ChrA#342479#-#CTG#790	TTT
ChrA#342452#-#CTG#840	GCC
ChrA#342449#-#CTG#820	CTG
ChrA#342375#-#CTG#800	AAG
ChrA#342369#-#CTG#800	GCC
ChrA#342250#-#ATG#740	AAT
ChrA#342187#-#ATG#620	AAA
ChrA#342183#-#CTG#830	TGC
ChrA#342170#-#CTG#770	ATT
ChrA#342141#-#CTG#850	AAG
ChrA#342114#-#ATG#870	AAA
ChrA#341839#-#ATG#680	TCT
ChrA#341836#-#ATG#650	ATG
ChrA#339666#-#CTG#790	TGG
ChrA#339150#-#ATG#570	TAG
ChrA#339083#-#ATG#550	AAT
ChrA#338999#-#ATG#810	TAC
ChrA#338973#-#ATG#570	GCA
ChrA#338955#-#ATG#600	ATA
ChrA#338074#-#ATG#570	GAA
ChrA#337843#-#ATG#520	TCC
ChrA#337625#-#ATG#570	AAT
ChrA#337139#-#ATG#500	TAG
ChrA#337070#-#ATG#780	TAG
ChrA#337040#-#ATG#790	TCT
ChrA#336961#-#ATG#660	AGG
ChrA#336081#-#CTG#870	AAA
ChrA#335805#-#ATG#880	ACA
ChrA#335304#-#ATG#690	GGC
ChrA#334224#-#ATG#970	ACA
ChrA#334027#-#ATG#500	TAC
ChrA#333825#-#ATG#540	ACC
ChrA#333174#-#CTG#800	GAG
ChrA#333024#-#ATG#710	CCC
ChrA#332537#-#CTG#810	GCC
ChrA#332133#-#ATG#520	GTG
ChrA#331817#-#CTG#800	TCT
ChrA#331536#-#ATG#870	ATT
ChrA#331091#-#ATG#850	CAT
ChrA#330478#-#CTG#980	GTG
ChrA#330082#-#ATG#940	TAC
ChrA#329033#-#CTG#930	CTT
ChrA#329024#-#ATG#850	CCC
ChrA#328944#-#CTG#880	CTT
ChrA#328935#-#ATG#840	TCC
ChrA#328781#-#ATG#590	TTG
ChrA#328758#-#ATG#700	TGA
ChrA#327664#-#CTG#780	TGG
ChrA#327560#-#ATG#530	TCC
ChrA#327541#-#ATG#870	TCT
ChrA#327433#-#ATG#550	TCA
ChrA#327197#-#ATG#860	ACT
ChrA#327176#-#CTG#830	TTT
ChrA#326791#-#ATG#840	TTA
ChrA#326632#-#ATG#700	TTG
ChrA#326261#-#ATG#540	GTG
ChrA#326187#-#CTG#780	CCT
ChrA#326043#-#ATG#820	TCC
ChrA#325845#-#CTG#750	GTT
ChrA#325488#-#CTG#840	ACT
ChrA#325272#-#ATG#570	ACA
ChrA#325134#-#CTG#860	ACC
ChrA#325101#-#ATG#880	AAA
ChrA#325098#-#CTG#870	ATG
ChrA#325077#-#CTG#930	GAA
ChrA#324544#-#CTG#750	TCT
ChrA#324532#-#ATG#580	TCC
ChrA#324222#-#ATG#610	GAA
ChrA#323944#-#CTG#840	TCT
ChrA#323678#-#CTG#750	TAG
ChrA#323592#-#CTG#770	GGT
ChrA#323564#-#CTG#760	TGC
ChrA#322893#-#ATG#870	GGC
ChrA#322812#-#CTG#800	CTC
ChrA#322797#-#CTG#860	GAC
ChrA#322758#-#ATG#670	GGC
ChrA#322427#-#ATG#780	TTA
ChrA#322354#-#ATG#740	TTT
ChrA#322294#-#ATG#790	ATA
ChrA#322134#-#CTG#810	ATC
ChrA#321378#-#CTG#880	GAA
ChrA#321128#-#ATG#500	TAA
ChrA#320833#-#ATG#610	CCA
ChrA#320420#-#ATG#650	TAA
ChrA#320143#-#ATG#570	TGT
ChrA#320119#-#CTG#750	TTC
ChrA#319667#-#ATG#690	CGT
ChrA#319663#-#ATG#690	TGA
ChrA#319636#-#CTG#760	CTG
ChrA#319472#-#CTG#760	TTA
ChrA#319436#-#CTG#930	CAA
ChrA#319363#-#ATG#620	AGC
ChrA#319360#-#ATG#830	ATG
ChrA#319277#-#ATG#500	ATA
ChrA#319059#-#ATG#550	CTG
ChrA#318733#-#ATG#570	TGC
ChrA#317875#-#ATG#530	ACC
ChrA#317804#-#CTG#760	AGC
ChrA#317777#-#CTG#850	GCT
ChrA#317752#-#ATG#730	AGG
ChrA#317737#-#CTG#840	CCA
ChrA#317722#-#ATG#740	GCC
ChrA#316674#-#ATG#500	GAG
ChrA#316559#-#CTG#750	AGC
ChrA#316288#-#ATG#670	CAG
ChrA#316071#-#ATG#630	TAG
ChrA#315723#-#CTG#790	GAG
ChrA#315243#-#ATG#880	AAG
ChrA#315240#-#ATG#860	ATG
ChrA#314919#-#ATG#720	TTT
ChrA#314774#-#ATG#810	ACC
ChrA#314471#-#CTG#820	TTT
ChrA#314267#-#ATG#800	GGT
ChrA#314071#-#CTG#800	TCC
ChrA#314027#-#ATG#780	ACT
ChrA#313966#-#CTG#750	AGC
ChrA#313949#-#ATG#540	AAG
ChrA#313883#-#CTG#990	TAT
ChrA#313785#-#ATG#870	AAA
ChrA#313320#-#CTG#800	GAT
ChrA#312949#-#ATG#590	CCT
ChrA#312885#-#ATG#520	GTT
ChrA#312517#-#CTG#850	GAG
ChrA#312174#-#ATG#680	TAG
ChrA#311839#-#CTG#940	GAA
ChrA#311818#-#CTG#880	CAA
ChrA#311794#-#CTG#960	TTC
ChrA#311785#-#CTG#900	GAC
ChrA#311396#-#CTG#830	CCA
ChrA#311390#-#CTG#860	CAC
ChrA#311033#-#CTG#860	ACT
ChrA#310828#-#ATG#830	AAC
ChrA#310548#-#ATG#770	TTA
ChrA#309148#-#CTG#910	TCA
ChrA#308924#-#ATG#520	TCC
ChrA#308095#-#CTG#860	CCA
ChrA#307659#-#CTG#760	CCT
ChrA#307429#-#CTG#780	GAT
ChrA#306585#-#ATG#870	ATC
ChrA#306169#-#ATG#660	GTA
ChrA#306008#-#ATG#630	TAA
ChrA#305935#-#CTG#750	CCA
ChrA#305929#-#ATG#800	TCT
ChrA#305697#-#ATG#790	CAA
ChrA#305640#-#ATG#910	TTC
ChrA#305631#-#ATG#890	ATC
ChrA#305565#-#CTG#840	GTC
ChrA#305490#-#ATG#930	GAC
ChrA#305487#-#GTG#1000	ATG
ChrA#305197#-#ATG#750	CAC
ChrA#305113#-#ATG#750	CTT
ChrA#304801#-#ATG#760	GAG
ChrA#304665#-#ATG#720	TTC
ChrA#304476#-#CTG#850	TGG
ChrA#304408#-#ATG#740	CCG
ChrA#304074#-#ATG#840	CTT
ChrA#304022#-#CTG#820	CAC
ChrA#303953#-#CTG#800	CCT
ChrA#303857#-#ATG#810	TCC
ChrA#303663#-#ATG#720	TCC
ChrA#303539#-#ATG#820	GGG
ChrA#302961#-#CTG#980	TAC
ChrA#302952#-#CTG#890	AAG
ChrA#302905#-#CTG#860	TCT
ChrA#302894#-#CTG#760	GGC
ChrA#302887#-#CTG#770	CTC
ChrA#302704#-#ATG#770	GCA
ChrA#302668#-#CTG#880	CTC
ChrA#302636#-#CTG#820	CTC
ChrA#301273#-#ATG#510	CAC
ChrA#301079#-#ATG#790	TGG
ChrA#301070#-#CTG#850	CAC
ChrA#301067#-#CTG#790	CTG
ChrA#300650#-#CTG#810	GGC
ChrA#299875#-#CTG#760	TAG
ChrA#298478#-#CTG#830	ATA
ChrA#298211#-#CTG#770	TCT
ChrA#298131#-#ATG#570	CTG
ChrA#298063#-#CTG#880	TGA
ChrA#296921#-#CTG#870	GCA
ChrA#296835#-#CTG#890	AAG
ChrA#296772#-#CTG#850	GGG
ChrA#296766#-#CTG#840	ACA
ChrA#296751#-#ATG#600	ATA
ChrA#296719#-#CTG#800	GGC
ChrA#296080#-#CTG#850	ACC
ChrA#296074#-#CTG#830	AAG
ChrA#295903#-#ATG#660	CAG
ChrA#295581#-#ATG#780	CAG
ChrA#294412#-#ATG#570	GTC
ChrA#294364#-#ATG#650	TTG
ChrA#294340#-#CTG#770	TTA
ChrA#293248#-#ATG#650	TAA
ChrA#292179#-#CTG#750	GAG
ChrA#292164#-#CTG#830	GGG
ChrA#291641#-#ATG#710	ACC
ChrA#291292#-#ATG#510	CCC
ChrA#290747#-#ATG#760	TAG
ChrA#290445#-#ATG#550	CCC
ChrA#290125#-#CTG#970	GAG
ChrA#290101#-#CTG#880	GCA
ChrA#290077#-#CTG#790	TGC
ChrA#289894#-#ATG#520	TTC
ChrA#289834#-#CTG#780	ACC
ChrA#289822#-#CTG#810	ACA
ChrA#289774#-#CTG#870	CAC
ChrA#289741#-#ATG#660	CTG
ChrA#289726#-#CTG#800	GCT
ChrA#289694#-#CTG#830	GCT
ChrA#289581#-#ATG#610	TGC
ChrA#289575#-#CTG#780	CTC
ChrA#289533#-#ATG#710	CCC
ChrA#289494#-#ATG#820	TTG
ChrA#289199#-#CTG#790	ATC
ChrA#287719#-#CTG#780	GAC
ChrA#286815#-#ATG#510	ACT
ChrA#286705#-#CTG#910	CAG
ChrA#285958#-#CTG#800	CAT
ChrA#285429#-#ATG#610	GGG
ChrA#285210#-#CTG#840	CAG
ChrA#285063#-#CTG#850	CTC
ChrA#285054#-#ATG#700	AGG
ChrA#284895#-#ATG#550	CAC
ChrA#284829#-#ATG#750	CTT
ChrA#284233#-#CTG#840	CAG
ChrA#283700#-#CTG#760	ACC
ChrA#283655#-#ATG#910	AGA
ChrA#283576#-#ATG#870	AGA
ChrA#283497#-#ATG#650	GGA
ChrA#283418#-#ATG#660	AGA
ChrA#283339#-#ATG#890	AGA
ChrA#283260#-#ATG#870	AGA
ChrA#283023#-#ATG#920	AGA
ChrA#282780#-#CTG#860	TCC
ChrA#282768#-#CTG#770	TGG
ChrA#282756#-#ATG#830	GGG
ChrA#282735#-#ATG#900	AAG
ChrA#282729#-#CTG#890	AAC
ChrA#282696#-#ATG#720	AAA
ChrA#282076#-#CTG#750	TAG
ChrA#281976#-#CTG#770	CCA
ChrA#281742#-#CTG#940	TTC
ChrA#279573#-#ATG#710	TGT
ChrA#279324#-#ATG#550	TGT
ChrA#278466#-#ATG#640	TAT
ChrA#278406#-#ATG#890	GAT
ChrA#278349#-#CTG#820	AGT
ChrA#277968#-#CTG#820	TCA
ChrA#277657#-#CTG#760	CTC
ChrA#277379#-#CTG#800	ATC
ChrA#277324#-#ATG#500	TCG
ChrA#276711#-#ATG#640	AAA
ChrA#276133#-#ATG#930	CAA
ChrA#276103#-#CTG#810	CTC
ChrA#276094#-#CTG#880	TTC
ChrA#275652#-#CTG#910	TTT
ChrA#275613#-#CTG#980	GCT
ChrA#275604#-#CTG#880	ATT
ChrA#275543#-#ATG#690	CCA
ChrA#275529#-#CTG#800	ATA
ChrA#275426#-#ATG#560	TCC
ChrA#275132#-#ATG#670	TTG
ChrA#274983#-#CTG#840	TTA
ChrA#274937#-#CTG#930	GCC
ChrA#274353#-#CTG#810	TCT
ChrA#274317#-#CTG#900	TCA
ChrA#273826#-#ATG#830	TCA
ChrA#273621#-#ATG#590	AAC
ChrA#273141#-#ATG#600	GCA
ChrA#273009#-#ATG#770	GAG
ChrA#272427#-#CTG#810	TGC
ChrA#272379#-#CTG#830	GTC
ChrA#272196#-#ATG#660	CGT
ChrA#272058#-#ATG#620	CTC
ChrA#271245#-#CTG#870	CTC
ChrA#271242#-#CTG#850	CTG
ChrA#270950#-#ATG#990	GTC
ChrA#270920#-#ATG#910	CAC
ChrA#270854#-#CTG#800	AGG
ChrA#270825#-#CTG#760	TCT
ChrA#270786#-#CTG#770	CAC
ChrA#270516#-#ATG#500	GGG
ChrA#270500#-#CTG#800	CCA
ChrA#270497#-#CTG#820	CTG
ChrA#270467#-#CTG#830	TGC
ChrA#269798#-#CTG#980	AAG
ChrA#269737#-#CTG#870	TCT
ChrA#269731#-#CTG#850	ATC
ChrA#268816#-#ATG#540	CTG
ChrA#268607#-#CTG#840	CAT
ChrA#268580#-#CTG#850	AAG
ChrA#268109#-#CTG#850	TTC
ChrA#267888#-#ATG#740	TAA
ChrA#266233#-#ATG#650	TAA
ChrA#266002#-#CTG#830	CTC
ChrA#265578#-#CTG#860	GAT
ChrA#265382#-#ATG#780	ACC
ChrA#264656#-#ATG#650	GTG
ChrA#263790#-#ATG#710	ACA
ChrA#263767#-#ATG#680	AAC
ChrA#263682#-#ATG#900	AAG
ChrA#263560#-#ATG#910	TTT
ChrA#263098#-#ATG#830	CTC
ChrA#263095#-#ATG#850	ATG
ChrA#263080#-#CTG#760	GCA
ChrA#263050#-#ATG#780	AGA
ChrA#263014#-#CTG#960	GAA
ChrA#262894#-#ATG#760	ACT
ChrA#262138#-#ATG#730	ATA
ChrA#260401#-#ATG#820	AGC
ChrA#209042#-#CTG#810	ATT
ChrA#208988#-#CTG#840	GCA
ChrA#208658#-#CTG#840	ATA
ChrA#208622#-#ATG#830	GGT
ChrA#208610#-#CTG#770	GCC
ChrA#207537#-#ATG#920	GCC
ChrA#206691#-#CTG#860	TTG
ChrA#206368#-#CTG#800	TAT
ChrA#205106#-#ATG#690	ACA
ChrA#204797#-#CTG#920	TAT
ChrA#204514#-#ATG#740	ATC
ChrA#204412#-#ATG#590	CTA
ChrA#203932#-#ATG#900	ACA
ChrA#203926#-#ATG#880	TCA
ChrA#203774#-#ATG#600	TCC
ChrA#203731#-#ATG#850	CTG
ChrA#203217#-#ATG#940	TAA
ChrA#203193#-#CTG#820	TTG
ChrA#203065#-#CTG#800	TTT
ChrA#202588#-#ATG#890	GCC
ChrA#202210#-#CTG#820	AAC
ChrA#202199#-#CTG#760	GAG
ChrA#202192#-#CTG#810	ATT
ChrA#201105#-#ATG#760	CAA
ChrA#201006#-#ATG#820	GAA
ChrA#200627#-#ATG#540	CAA
ChrA#200054#-#ATG#720	AAA
ChrA#198846#-#ATG#690	TGA
ChrA#198737#-#CTG#930	AGA
ChrA#198552#-#ATG#510	AGT
ChrA#197755#-#ATG#560	ATC
ChrA#196988#-#ATG#870	CTA
ChrA#196231#-#ATG#600	GCC
ChrA#196054#-#ATG#500	TTG
ChrA#195746#-#CTG#880	TTG
ChrA#195664#-#ATG#600	CAT
ChrA#194957#-#ATG#720	AGA
ChrA#194560#-#CTG#890	GCA
ChrA#194538#-#ATG#800	GTG
ChrA#193969#-#CTG#800	AAA
ChrA#193568#-#ATG#540	CAC
ChrA#193373#-#ATG#660	GTT
ChrA#193027#-#CTG#790	TAT
ChrA#192945#-#ATG#750	TAT
ChrA#192871#-#CTG#840	GTT
ChrA#192801#-#ATG#600	GAC
ChrA#192620#-#CTG#790	TTC
ChrA#192272#-#CTG#780	CTT
ChrA#192128#-#ATG#800	TCC
ChrA#192030#-#ATG#680	TGT
ChrA#191984#-#CTG#800	AGG
ChrA#191942#-#CTG#750	GTT
ChrA#191585#-#CTG#840	ACT
ChrA#191368#-#ATG#740	ACA
ChrA#191230#-#CTG#920	ACC
ChrA#191197#-#ATG#880	AAA
ChrA#191194#-#CTG#870	ATG
ChrA#191173#-#CTG#890	GAA
ChrA#190880#-#CTG#880	GAT
ChrA#190640#-#CTG#790	TCT
ChrA#190628#-#ATG#620	TCC
ChrA#190379#-#ATG#700	GAA
ChrA#190101#-#CTG#840	TCT
ChrA#189749#-#CTG#880	GGT
ChrA#189740#-#CTG#830	CTC
ChrA#189725#-#CTG#850	GAT
ChrA#189721#-#CTG#760	TGC
ChrA#189056#-#ATG#820	GGC
ChrA#188978#-#CTG#770	GAA
ChrA#188975#-#CTG#840	CTG
ChrA#188960#-#CTG#840	GAC
ChrA#188921#-#ATG#710	GGC
ChrA#188590#-#ATG#710	TTA
ChrA#188544#-#CTG#760	TTC
ChrA#188541#-#ATG#560	CTG
ChrA#188517#-#ATG#740	TTT
ChrA#188457#-#ATG#790	ATA
ChrA#187542#-#CTG#880	GAA
ChrA#187292#-#ATG#720	TAA
ChrA#186997#-#ATG#520	CCA
ChrA#186290#-#ATG#570	TGT
ChrA#186266#-#CTG#750	TTC
ChrA#185877#-#CTG#890	GCT
ChrA#185868#-#ATG#670	GTC
ChrA#185814#-#ATG#730	TGT
ChrA#185810#-#ATG#700	TGA
ChrA#185783#-#CTG#750	CAG
ChrA#185619#-#CTG#890	TTA
ChrA#185583#-#CTG#950	CAA
ChrA#185509#-#ATG#560	GGC
ChrA#185506#-#ATG#770	ATG
ChrA#185204#-#ATG#550	CTG
ChrA#183947#-#CTG#790	AGC
ChrA#183920#-#CTG#840	GCT
ChrA#183895#-#ATG#640	AGG
ChrA#183693#-#ATG#570	ACT
ChrA#183224#-#CTG#760	TGC
ChrA#182926#-#ATG#610	GAG
ChrA#182526#-#ATG#670	CAG
ChrA#182309#-#ATG#630	TAG
ChrA#182231#-#ATG#530	CAT
ChrA#181961#-#CTG#790	GAG
ChrA#181533#-#ATG#550	CAA
ChrA#181515#-#ATG#500	CAC
ChrA#181470#-#ATG#840	AAG
ChrA#181146#-#ATG#720	TTT
ChrA#181001#-#ATG#810	ACC
ChrA#180918#-#ATG#680	ATA
ChrA#180698#-#CTG#820	TTT
ChrA#180563#-#ATG#710	TCA
ChrA#180494#-#ATG#540	GGT
ChrA#180138#-#ATG#880	TCT
ChrA#180087#-#ATG#860	CCA
ChrA#180072#-#ATG#780	CCA
ChrA#179564#-#CTG#750	AGT
ChrA#179437#-#CTG#860	TTC
ChrA#179434#-#ATG#760	CTG
ChrA#179288#-#CTG#810	CAC
ChrA#179282#-#CTG#770	GTG
ChrA#179225#-#CTG#840	CAT
ChrA#179198#-#CTG#850	AAG
ChrA#178727#-#CTG#850	TTC
ChrA#178506#-#ATG#820	TAA
ChrA#177729#-#ATG#860	GAC
ChrA#176851#-#ATG#530	TAA
ChrA#176620#-#CTG#780	CTC
ChrA#176196#-#CTG#860	GAT
ChrA#175261#-#ATG#650	GTG
ChrA#174815#-#ATG#940	TTC
ChrA#174540#-#ATG#910	ATC
ChrA#174394#-#ATG#710	ACA
ChrA#174371#-#ATG#680	AAC
ChrA#174267#-#ATG#580	AGA
ChrA#173726#-#CTG#860	TTC
ChrA#173693#-#ATG#660	CTC
ChrA#173690#-#ATG#530	ATG
ChrA#173645#-#ATG#530	AGA
ChrA#173609#-#CTG#840	GAA
ChrA#173489#-#ATG#760	ACT
ChrA#171522#-#ATG#600	GCA
ChrA#170996#-#ATG#820	AGC
ChrA#170066#-#CTG#930	CCG
ChrA#118719#-#CTG#870	CCT
ChrA#118168#-#CTG#760	AGG
ChrA#118102#-#CTG#850	ATC
ChrA#118096#-#CTG#760	CCC
ChrA#117723#-#CTG#820	AGG
ChrA#117644#-#CTG#930	GTG
ChrA#117629#-#CTG#780	CAC
ChrA#117617#-#ATG#610	AAA
ChrA#117532#-#ATG#660	CCG
ChrA#117419#-#CTG#990	ATT
ChrA#117323#-#CTG#800	TGT
ChrA#117182#-#ATG#520	GAC
ChrA#116879#-#ATG#860	AGC
ChrA#116801#-#CTG#810	AAG
ChrA#116744#-#CTG#850	CTC
ChrA#116720#-#CTG#750	TGG
ChrA#116708#-#CTG#790	CTC
ChrA#116202#-#ATG#510	CAG
ChrA#115626#-#ATG#570	TGG
ChrA#114936#-#ATG#680	GCC
ChrA#114598#-#CTG#850	AAG
ChrA#114589#-#CTG#760	GGT
ChrA#113989#-#CTG#770	ATC
ChrA#113965#-#ATG#660	GGG
ChrA#113348#-#ATG#860	GAG
ChrA#112915#-#CTG#860	ACA
ChrA#112876#-#CTG#750	GTT
ChrA#109719#-#ATG#540	AAA
ChrA#109453#-#ATG#510	TTG
ChrA#109423#-#CTG#800	TAT
ChrA#109420#-#CTG#840	CTG
ChrA#108185#-#ATG#580	CAT
ChrA#107948#-#CTG#820	GAT
ChrA#107485#-#CTG#860	TGC
ChrA#107451#-#CTG#760	TGT
ChrA#106721#-#CTG#890	GCT
ChrA#106718#-#ATG#830	CTG
ChrA#106691#-#ATG#940	ACC
ChrA#106676#-#ATG#960	AGG
ChrA#106664#-#CTG#980	TCC
ChrA#106622#-#CTG#930	GAC
ChrA#106595#-#ATG#1000	CAG
ChrA#106583#-#CTG#990	GCC
ChrA#106574#-#CTG#990	TAC
ChrA#106153#-#CTG#890	CAC
ChrA#105819#-#ATG#780	GTC
ChrA#105657#-#CTG#760	TGG
ChrA#105412#-#ATG#760	ACC
ChrA#105403#-#ATG#730	CAC
ChrA#105155#-#CTG#750	TGA
ChrA#102936#-#ATG#500	TCC
ChrA#102679#-#ATG#610	GGG
ChrA#102508#-#ATG#500	TTT
ChrA#102496#-#ATG#730	AAC
ChrA#101650#-#CTG#890	GTG
ChrA#101629#-#ATG#960	CAG
ChrA#101602#-#ATG#1000	AAG
ChrA#101590#-#CTG#820	ACG
ChrA#101566#-#CTG#830	TCA
ChrA#101556#-#ATG#780	GAG
ChrA#101502#-#ATG#530	GTC
ChrA#101476#-#CTG#820	TGC
ChrA#101473#-#CTG#860	CTG
ChrA#101458#-#CTG#900	GCC
ChrA#101449#-#CTG#890	TGC
ChrA#101385#-#CTG#860	CTT
ChrA#100913#-#ATG#800	AAC
ChrA#100835#-#ATG#690	GGG
ChrA#100823#-#ATG#770	GAA
ChrA#100813#-#ATG#780	TCC
ChrA#100792#-#ATG#810	AGA
ChrA#100777#-#CTG#910	CAT
ChrA#100750#-#CTG#840	TCA
ChrA#100493#-#ATG#700	GCC
ChrA#100293#-#CTG#840	ACC
ChrA#100261#-#CTG#920	GGC
ChrA#100252#-#CTG#760	GCT
ChrA#98893#-#CTG#950	TCC
ChrA#98827#-#CTG#920	GAC
ChrA#98791#-#CTG#890	TAC
ChrA#98782#-#CTG#890	GAC
ChrA#98758#-#ATG#900	CTC
ChrA#98721#-#CTG#910	CCT
ChrA#98715#-#CTG#930	CCC
ChrA#98164#-#ATG#800	CCA
ChrA#97759#-#CTG#810	CTC
ChrA#97699#-#CTG#780	ACT
ChrA#97654#-#CTG#790	AAG
ChrA#97645#-#ATG#770	AGC
ChrA#97630#-#CTG#810	AAG
ChrA#97501#-#CTG#880	CCC
ChrA#97410#-#ATG#520	GCT
ChrA#97325#-#CTG#800	CGA
ChrA#97292#-#CTG#920	CCA
ChrA#97163#-#ATG#540	ACT
ChrA#96754#-#CTG#780	CCG
ChrA#96553#-#CTG#920	CCT
ChrA#95942#-#ATG#920	CTA
ChrA#95418#-#CTG#810	GTC
ChrA#94983#-#CTG#870	CAG
ChrA#94883#-#CTG#820	TGT
ChrA#94871#-#CTG#860	CAG
ChrA#94721#-#CTG#750	TCC
ChrA#94450#-#CTG#810	GAC
ChrA#94447#-#ATG#790	CTG
ChrA#94444#-#CTG#890	ATG
ChrA#94432#-#ATG#670	GGC
ChrA#94242#-#CTG#750	CCA
ChrA#94224#-#ATG#760	GCG
ChrA#93967#-#ATG#560	CCT
ChrA#93919#-#ATG#520	AAG
ChrA#91209#-#ATG#810	ATC
ChrA#91146#-#CTG#820	TCA
ChrA#90652#-#ATG#860	ACA
ChrA#90577#-#ATG#830	GAG
ChrA#90427#-#ATG#880	GAG
ChrA#90345#-#CTG#860	AAG
ChrA#89769#-#ATG#500	GAA
ChrA#89325#-#ATG#700	CTT
ChrA#89299#-#ATG#500	TTT
ChrA#89295#-#CTG#790	TGC
ChrA#89177#-#ATG#610	CAG
ChrA#89160#-#ATG#690	AGC
ChrA#88744#-#CTG#890	TTC
ChrA#88299#-#ATG#500	ACC
ChrA#88190#-#CTG#780	TCA
ChrA#87744#-#CTG#810	GCA
ChrA#87388#-#CTG#940	CTC
ChrA#87367#-#CTG#810	AAG
ChrA#87019#-#ATG#600	TGC
ChrA#86386#-#ATG#630	CTG
ChrA#85720#-#CTG#810	TAT
ChrA#85398#-#ATG#570	ACA
ChrA#85366#-#ATG#710	GTA
ChrA#85217#-#ATG#630	TGA
ChrA#84104#-#ATG#740	TCC
ChrA#83879#-#ATG#830	GCC
ChrA#83849#-#CTG#850	GAG
ChrA#83557#-#CTG#800	TTC
ChrA#82828#-#CTG#760	ACG
ChrA#82055#-#CTG#860	CTC
ChrA#81190#-#CTG#820	CCC
ChrA#81044#-#CTG#750	TGC
ChrA#81025#-#ATG#540	GCA
ChrA#80870#-#CTG#830	CCT
ChrA#80766#-#ATG#660	TAG
ChrA#80612#-#CTG#770	TTC
ChrA#80188#-#CTG#800	AGG
ChrA#79988#-#ATG#890	GCA
ChrA#79193#-#CTG#780	AAG
ChrA#78962#-#CTG#770	TCT
ChrA#78838#-#CTG#910	CTC
ChrA#77617#-#ATG#600	TTG
ChrA#77586#-#CTG#860	AGG
ChrA#77565#-#ATG#840	ATA
ChrA#77347#-#CTG#790	CCA
ChrA#76858#-#CTG#930	CAA
ChrA#76828#-#ATG#980	GAT
ChrA#76600#-#CTG#800	CAC
ChrA#75950#-#ATG#500	GAG
ChrA#75923#-#CTG#800	AGG
ChrA#75899#-#CTG#870	TTG
ChrA#75648#-#ATG#570	CCC
ChrA#75605#-#ATG#610	CTA
ChrA#74212#-#CTG#810	GTG
ChrA#73407#-#ATG#740	GAA
ChrA#73065#-#ATG#640	AAT
ChrA#72382#-#CTG#780	TTT
ChrA#72129#-#ATG#540	TTA
ChrA#71796#-#ATG#650	TAA
ChrA#71778#-#ATG#540	GAG
ChrA#71494#-#ATG#510	GAG
ChrA#69782#-#ATG#730	GAG
ChrA#69652#-#CTG#880	CTT
ChrA#69341#-#ATG#640	TCC
ChrA#68939#-#ATG#680	GGC
ChrA#68806#-#ATG#660	ATA
ChrA#68714#-#ATG#820	AAA
ChrA#68702#-#CTG#800	TCA
ChrA#68627#-#CTG#770	TAG
ChrA#67906#-#ATG#620	TAC
ChrA#66851#-#ATG#500	GGG
ChrA#65826#-#ATG#650	GGG
ChrA#64729#-#ATG#620	GGC
ChrA#64693#-#CTG#880	TTA
ChrA#64680#-#ATG#700	GTA
ChrA#63880#-#ATG#600	TCT
ChrA#63853#-#ATG#710	CAA
ChrA#63488#-#ATG#990	GTA
ChrA#63387#-#CTG#820	AAG
ChrA#62800#-#CTG#850	AGC
ChrA#62640#-#CTG#760	AGC
ChrA#62572#-#ATG#540	CAG
ChrA#62501#-#ATG#910	GTG
ChrA#62495#-#CTG#850	GAG
ChrA#61376#-#CTG#880	CAG
ChrA#61017#-#ATG#700	ATC
ChrA#60929#-#CTG#790	AGG
ChrA#60884#-#CTG#770	CTT
ChrA#60788#-#ATG#690	GAG
ChrA#60758#-#CTG#780	CCT
ChrA#60176#-#ATG#720	GCC
ChrA#60164#-#CTG#890	CGA
ChrA#60149#-#CTG#990	CTC
ChrA#60130#-#CTG#880	CTC
ChrA#59295#-#ATG#680	AAA
ChrA#59267#-#ATG#670	AAA
ChrA#59236#-#ATG#570	GTA
ChrA#59148#-#ATG#570	GCA
ChrA#59073#-#CTG#860	TAG
ChrA#58976#-#CTG#870	CTC
ChrA#58961#-#CTG#840	GAT
ChrA#58936#-#CTG#810	GTT
ChrA#58677#-#ATG#850	GTG
ChrA#58451#-#ATG#820	ACC
ChrA#57954#-#CTG#790	GGG
ChrA#57850#-#ATG#510	GAG
ChrA#57829#-#ATG#740	AGG
ChrA#57501#-#CTG#760	TCT
ChrA#56819#-#ATG#660	GAC
ChrA#56779#-#ATG#780	CAG
ChrA#55743#-#CTG#830	CCT
ChrA#55218#-#ATG#850	AAG
ChrA#55212#-#CTG#850	ACT
ChrA#55141#-#CTG#900	GAG
ChrA#54951#-#ATG#900	CTA
ChrA#54933#-#CTG#870	TTA
ChrA#54345#-#ATG#770	CTT
ChrA#54337#-#CTG#770	TGT
ChrA#54322#-#ATG#800	TTT
ChrA#53968#-#ATG#800	AAG
ChrA#53670#-#CTG#790	CAC
ChrA#53107#-#ATG#730	TAC
ChrA#53089#-#CTG#810	CAT
ChrA#53060#-#ATG#750	TAG
ChrA#53035#-#CTG#800	AGG
ChrA#52780#-#ATG#590	AAC
ChrA#52528#-#ATG#510	CCC
ChrA#52225#-#ATG#530	ACC
ChrA#51844#-#ATG#850	CAG
ChrA#51598#-#CTG#770	GTG
ChrA#51278#-#CTG#790	CGC
ChrA#51028#-#ATG#860	ATA
ChrA#50362#-#ATG#700	CTT
ChrA#50260#-#CTG#930	CTC
ChrA#50221#-#CTG#930	GAC
ChrA#50197#-#CTG#880	CTC
ChrA#49952#-#CTG#750	GCC
ChrA#49906#-#ATG#890	CTC
ChrA#49899#-#CTG#930	CAG
ChrA#49881#-#CTG#880	TTT
ChrA#49813#-#ATG#780	CTT
ChrA#49771#-#CTG#770	TGG
ChrA#49651#-#CTG#780	TCA
ChrA#49627#-#CTG#880	CTC
ChrA#45567#-#CTG#870	AGC
ChrA#45116#-#CTG#790	ACT
ChrA#44963#-#CTG#830	ATC
ChrA#44957#-#ATG#840	CCC
ChrA#44954#-#CTG#850	ATG
ChrA#44912#-#CTG#870	CCT
ChrA#44903#-#ATG#750	ACC
ChrA#43533#-#CTG#830	GGG
ChrA#42535#-#CTG#930	TTG
ChrA#42520#-#CTG#830	TGG
ChrA#42496#-#ATG#910	GGG
ChrA#42170#-#CTG#850	TAC
ChrA#42128#-#ATG#860	GCC
ChrA#41835#-#CTG#800	GTC
ChrA#41249#-#CTG#860	TCT
ChrA#41238#-#CTG#820	TGA
ChrA#40902#-#CTG#780	AGC
ChrA#40718#-#CTG#750	AGC
ChrA#40599#-#ATG#820	GTG
ChrA#40539#-#CTG#870	ACA
ChrA#40503#-#CTG#940	CAG
ChrA#40476#-#ATG#870	AAA
ChrA#40428#-#CTG#970	AAA
ChrA#40398#-#ATG#970	AAA
ChrA#40377#-#CTG#970	GCA
ChrA#39794#-#ATG#510	AAG
ChrA#37976#-#ATG#500	TTT
ChrA#37623#-#CTG#830	CTA
ChrA#36638#-#ATG#810	CTA
ChrA#35996#-#ATG#920	CAC
ChrA#35927#-#CTG#800	GGT
ChrA#35918#-#CTG#810	TTT
ChrA#35504#-#ATG#810	TAC
ChrA#35474#-#CTG#920	GGG
ChrA#35228#-#CTG#960	ATT
ChrA#34978#-#ATG#890	GCA
ChrA#34969#-#ATG#900	AAT
ChrA#34837#-#CTG#870	GTC
ChrA#33566#-#CTG#810	TCA
ChrA#32503#-#CTG#810	ATT
ChrA#32449#-#CTG#840	GCA
ChrA#32088#-#CTG#840	ATA
ChrA#32052#-#ATG#830	GGT
ChrA#32040#-#CTG#770	GCC
ChrA#31733#-#ATG#510	AGT
ChrA#30967#-#ATG#920	GCC
ChrA#30121#-#CTG#860	TTG
ChrA#29802#-#CTG#800	TAT
ChrA#28540#-#ATG#690	ACA
ChrA#28231#-#CTG#920	TAT
ChrA#27948#-#ATG#740	ATC
ChrA#27846#-#ATG#650	CTA
ChrA#27366#-#ATG#900	ACA
ChrA#27360#-#ATG#880	TCA
ChrA#27208#-#ATG#600	TCC
ChrA#27165#-#ATG#850	CTG
ChrA#27030#-#ATG#550	AGG
ChrA#26653#-#ATG#940	TAA
ChrA#26629#-#CTG#820	TTG
ChrA#26501#-#CTG#800	TTT
ChrA#26024#-#ATG#890	GCC
ChrA#25873#-#ATG#750	CCC
ChrA#25867#-#CTG#820	TTG
ChrA#25644#-#CTG#820	AAC
ChrA#25633#-#CTG#760	GAG
ChrA#25626#-#CTG#810	ATT
ChrA#24539#-#ATG#760	CAA
ChrA#24440#-#ATG#820	GAA
ChrA#24061#-#ATG#540	CAA
ChrA#23488#-#ATG#720	AAA
ChrA#22282#-#ATG#690	TGA
ChrA#22173#-#CTG#930	AGA
ChrA#22097#-#CTG#810	TTT
ChrA#21988#-#ATG#510	AGT
ChrA#21191#-#ATG#560	ATC
ChrA#20418#-#ATG#530	CTA
ChrA#19667#-#ATG#600	GCC
ChrA#19490#-#ATG#820	TTG
ChrA#19182#-#CTG#880	TTG
ChrA#18393#-#ATG#720	AGA
ChrA#17996#-#CTG#890	GCA
ChrA#17974#-#ATG#800	GTG
ChrA#17405#-#CTG#800	AAA
ChrA#17004#-#ATG#540	CAC
ChrA#16809#-#ATG#660	GTT
ChrA#16693#-#CTG#840	ATT
ChrA#16463#-#CTG#790	TAT
ChrA#16381#-#ATG#750	TAT
ChrA#16307#-#CTG#850	GTT
ChrA#16237#-#ATG#600	GAC
ChrA#16056#-#CTG#790	TTC
ChrA#15708#-#CTG#780	CTT
ChrA#15466#-#ATG#750	TGT
ChrA#15418#-#CTG#800	AGG
ChrA#15376#-#CTG#750	GTT
ChrA#15019#-#CTG#840	ACT
ChrA#14938#-#CTG#750	AAC
ChrA#14802#-#ATG#710	ACA
ChrA#14664#-#CTG#930	ACC
ChrA#14631#-#ATG#880	AAA
ChrA#14628#-#CTG#860	ATG
ChrA#14607#-#CTG#930	GAA
ChrA#14314#-#CTG#790	GAT
ChrA#13814#-#ATG#610	GAA
ChrA#13536#-#CTG#840	TCT
ChrA#13434#-#ATG#500	TCT
ChrA#13184#-#CTG#750	GGT
ChrA#13156#-#CTG#760	TGC
ChrA#12490#-#ATG#840	GGC
ChrA#12412#-#CTG#770	GAA
ChrA#12409#-#CTG#800	CTG
ChrA#12394#-#CTG#830	GAC
ChrA#12355#-#ATG#610	GGC
ChrA#12024#-#ATG#710	TTA
ChrA#11978#-#CTG#910	TTC
ChrA#11975#-#ATG#640	CTG
ChrA#11951#-#ATG#790	TTT
ChrA#11894#-#ATG#790	ATA
ChrA#10979#-#CTG#880	GAA
ChrA#10957#-#ATG#600	AGG
ChrA#10930#-#CTG#830	GCA
ChrA#10729#-#ATG#720	TAA
ChrA#10434#-#ATG#510	CCA
ChrA#9983#-#ATG#650	TAA
ChrA#9293#-#CTG#890	GCT
ChrA#9284#-#ATG#670	GTC
ChrA#9230#-#ATG#730	TGT
ChrA#9226#-#ATG#700	TGA
ChrA#9199#-#CTG#750	CAG
ChrA#9035#-#CTG#890	TTA
ChrA#8999#-#CTG#950	CAA
ChrA#8925#-#ATG#560	GGC
ChrA#8922#-#ATG#770	ATG
ChrA#8620#-#ATG#550	CTG
ChrA#7363#-#CTG#790	AGC
ChrA#7336#-#CTG#840	GCT
ChrA#7311#-#ATG#640	AGG
ChrA#7109#-#ATG#570	ACT
ChrA#6640#-#CTG#760	TGC
ChrA#6342#-#ATG#950	GAG
ChrA#5949#-#ATG#670	CAG
ChrA#5732#-#ATG#630	TAG
ChrA#5654#-#ATG#530	CAT
ChrA#5384#-#CTG#790	GAG
ChrA#4956#-#ATG#550	CAA
ChrA#4938#-#ATG#500	CAC
ChrA#4893#-#ATG#840	AAG
ChrA#4424#-#ATG#810	ACC
ChrA#4341#-#ATG#730	ATA
ChrA#4121#-#CTG#820	TTT
ChrA#3562#-#ATG#880	TCT
ChrA#3511#-#ATG#860	CCA
ChrA#3496#-#ATG#780	CCA
ChrA#2709#-#CTG#750	CAC
ChrA#2646#-#CTG#840	CAT
ChrA#2619#-#CTG#850	AAG
ChrA#2150#-#CTG#870	TTC
ChrA#1929#-#ATG#690	TAA
ChrA#1649#-#CTG#950	GGA
ChrA#1590#-#CTG#900	GGA
ChrA#1531#-#CTG#950	GGA
ChrA#1519#-#ATG#860	TCC
ChrA#1480#-#CTG#810	GGA
ChrA#1472#-#CTG#920	GGA
ChrA#1421#-#CTG#840	GGA
ChrA#1413#-#CTG#770	GGA
ChrA#919#-#ATG#590	GAC
ChrA#515#-#ATG#500	CAA
ChrB#431#+#ATG#710	GAC
ChrB#524#+#ATG#860	GCC
ChrB#608#+#CTG#910	GCG
ChrB#620#+#CTG#800	TCA
ChrB#654#+#ATG#760	ATC
ChrB#1083#+#CTG#860	CAA
ChrB#1089#+#CTG#790	AAG
ChrB#1116#+#CTG#980	GTT
ChrB#1195#+#CTG#790	TGC
ChrB#1222#+#CTG#880	GCT
ChrB#1306#+#CTG#750	GCC
ChrB#4915#+#ATG#650	GGC
ChrB#4960#+#CTG#780	GAG
ChrB#5188#+#ATG#900	TAA
ChrB#5210#+#CTG#870	GAG
ChrB#5216#+#CTG#760	TGC
ChrB#5225#+#CTG#760	AGG
ChrB#5228#+#CTG#910	CTG
ChrB#5278#+#CTG#810	GAG
ChrB#5426#+#ATG#740	GCC
ChrB#5431#+#CTG#920	GAG
ChrB#5759#+#CTG#970	GAC
ChrB#5765#+#CTG#750	GGC
ChrB#5777#+#CTG#800	CTG
ChrB#5796#+#CTG#860	AAT
ChrB#6043#+#ATG#880	AAG
ChrB#6294#+#CTG#790	TGA
ChrB#6306#+#CTG#810	GTT
ChrB#6312#+#CTG#780	GGC
ChrB#7414#+#ATG#870	GGC
ChrB#7420#+#ATG#980	ATT
ChrB#7438#+#CTG#840	AGC
ChrB#7722#+#ATG#790	ATA
ChrB#7752#+#CTG#820	ATA
ChrB#7880#+#ATG#830	ACC
ChrB#7936#+#CTG#810	CAT
ChrB#7957#+#CTG#800	AAT
ChrB#8061#+#CTG#850	TAG
ChrB#8098#+#CTG#790	ACT
ChrB#8139#+#CTG#790	TCA
ChrB#8739#+#CTG#840	ACC
ChrB#8865#+#CTG#980	TTT
ChrB#8874#+#CTG#920	TTT
ChrB#8895#+#ATG#750	AAA
ChrB#9478#+#ATG#970	ATC
ChrB#9502#+#CTG#890	TAC
ChrB#9511#+#CTG#860	TTA
ChrB#9701#+#CTG#790	TGA
ChrB#9713#+#CTG#810	GTT
ChrB#9719#+#CTG#780	GGC
ChrB#10793#+#ATG#530	TGG
ChrB#10809#+#CTG#880	ATT
ChrB#12609#+#ATG#650	TGG
ChrB#12995#+#CTG#830	TAC
ChrB#13004#+#ATG#880	AAC
ChrB#13028#+#CTG#770	TTC
ChrB#13047#+#ATG#680	TTC
ChrB#13872#+#ATG#790	CAG
ChrB#15268#+#CTG#840	CCA
ChrB#15361#+#CTG#820	CTC
ChrB#15370#+#CTG#790	TCT
ChrB#15533#+#CTG#800	CAT
ChrB#15584#+#ATG#560	TCT
ChrB#15906#+#ATG#730	TCT
ChrB#17054#+#ATG#620	ACC
ChrB#17267#+#CTG#920	AGT
ChrB#18776#+#ATG#790	TGA
ChrB#18850#+#CTG#830	TGC
ChrB#19242#+#ATG#810	TAA
ChrB#19300#+#ATG#660	AGA
ChrB#19328#+#ATG#730	CCC
ChrB#19828#+#ATG#550	AAT
ChrB#20477#+#ATG#710	ATC
ChrB#21786#+#CTG#850	CCA
ChrB#23145#+#CTG#840	CAC
ChrB#23356#+#ATG#740	GGC
ChrB#23365#+#CTG#840	GCT
ChrB#23467#+#ATG#520	CAG
ChrB#23739#+#CTG#800	GCC
ChrB#24106#+#CTG#750	TGG
ChrB#24985#+#CTG#810	AAC
ChrB#25798#+#CTG#910	TAC
ChrB#25807#+#ATG#800	AAC
ChrB#25850#+#ATG#900	TTC
ChrB#26350#+#ATG#760	ACT
ChrB#26719#+#ATG#590	ATT
ChrB#27363#+#ATG#600	CAT
ChrB#27578#+#CTG#880	CTC
ChrB#27618#+#CTG#820	GTG
ChrB#27631#+#CTG#960	AGG
ChrB#27643#+#ATG#820	ACC
ChrB#27765#+#ATG#690	CAT
ChrB#27962#+#ATG#760	ATT
ChrB#28252#+#ATG#560	CAA
ChrB#28383#+#CTG#880	AGT
ChrB#28503#+#ATG#610	TTA
ChrB#28918#+#CTG#800	ACT
ChrB#29964#+#ATG#870	CTT
ChrB#31178#+#ATG#510	GAG
ChrB#31374#+#CTG#910	TGG
ChrB#31386#+#ATG#730	TGT
ChrB#32826#+#ATG#750	GAA
ChrB#33170#+#ATG#840	GCA
ChrB#33662#+#ATG#750	AAA
ChrB#33677#+#ATG#710	GAA
ChrB#33768#+#ATG#650	TAT
ChrB#33847#+#ATG#830	CTA
ChrB#34236#+#ATG#650	TGA
ChrB#34899#+#CTG#830	GTA
ChrB#35282#+#CTG#890	CCA
ChrB#36062#+#ATG#760	ATC
ChrB#36783#+#ATG#830	CTC
ChrB#36786#+#ATG#840	ATG
ChrB#37412#+#CTG#940	TAT
ChrB#38486#+#ATG#800	AAC
ChrB#38767#+#CTG#950	CCA
ChrB#38779#+#ATG#770	TGG
ChrB#39287#+#CTG#830	ATT
ChrB#39820#+#ATG#850	CTC
ChrB#40347#+#ATG#870	CTC
ChrB#40449#+#ATG#500	CCA
ChrB#40642#+#CTG#960	TTC
ChrB#40675#+#CTG#830	AGC
ChrB#40720#+#ATG#860	CCC
ChrB#40726#+#ATG#920	GTT
ChrB#42119#+#ATG#510	GAA
ChrB#42402#+#ATG#680	CAG
ChrB#42405#+#CTG#780	ATG
ChrB#42510#+#ATG#940	CCA
ChrB#42553#+#CTG#860	TCA
ChrB#42708#+#CTG#880	CCA
ChrB#42796#+#ATG#590	TGG
ChrB#42811#+#ATG#650	TGG
ChrB#42936#+#CTG#930	CCC
ChrB#43044#+#CTG#890	ACC
ChrB#44505#+#CTG#790	AGC
ChrB#44884#+#CTG#850	GAG
ChrB#44890#+#CTG#800	AGA
ChrB#44910#+#CTG#780	AGC
ChrB#44998#+#ATG#860	TTT
ChrB#45010#+#CTG#760	ATA
ChrB#45170#+#ATG#660	CTC
ChrB#45448#+#ATG#560	AGC
ChrB#45455#+#ATG#940	GGG
ChrB#45694#+#CTG#810	TCA
ChrB#45703#+#CTG#820	TCT
ChrB#45778#+#CTG#810	CGC
ChrB#46082#+#CTG#860	TAG
ChrB#46088#+#ATG#510	GGC
ChrB#46330#+#ATG#500	CAA
ChrB#47067#+#ATG#570	GAA
ChrB#97482#+#CTG#810	TTC
ChrB#97779#+#CTG#850	GTG
ChrB#97913#+#CTG#900	GAA
ChrB#98051#+#ATG#710	AGA
ChrB#98138#+#CTG#940	TTA
ChrB#98812#+#ATG#550	GTG
ChrB#98888#+#ATG#770	TTA
ChrB#99181#+#ATG#730	TTA
ChrB#99565#+#CTG#770	CCC
ChrB#99584#+#CTG#890	TAG
ChrB#99597#+#CTG#900	TGC
ChrB#100159#+#CTG#890	TAG
ChrB#100894#+#ATG#860	GAG
ChrB#101268#+#CTG#950	CTA
ChrB#102597#+#ATG#600	ATG
ChrB#103028#+#CTG#850	TAG
ChrB#103354#+#ATG#550	TAT
ChrB#104132#+#CTG#910	CAG
ChrB#104348#+#ATG#840	CAT
ChrB#104369#+#ATG#830	ACA
ChrB#104624#+#CTG#860	GAG
ChrB#104648#+#ATG#870	CAC
ChrB#104662#+#CTG#840	CCC
ChrB#104698#+#CTG#840	TCG
ChrB#104708#+#CTG#900	AAC
ChrB#104713#+#CTG#910	GAG
ChrB#104735#+#ATG#950	CCA
ChrB#105558#+#ATG#530	ATT
ChrB#105589#+#ATG#620	AAT
ChrB#105598#+#ATG#510	CAT
ChrB#106153#+#CTG#800	ATC
ChrB#106480#+#ATG#640	CCT
ChrB#107227#+#ATG#580	TCG
ChrB#110421#+#ATG#520	ACG
ChrB#110720#+#ATG#540	CTG
ChrB#111554#+#ATG#800	AAG
ChrB#113574#+#CTG#830	CCT
ChrB#113837#+#CTG#930	GAA
ChrB#113857#+#CTG#840	TCG
ChrB#113861#+#CTG#930	TGC
ChrB#113864#+#CTG#870	CTG
ChrB#113998#+#CTG#840	TTT
ChrB#114250#+#CTG#780	TGC
ChrB#114918#+#CTG#770	GTC
ChrB#114987#+#CTG#750	CAC
ChrB#115112#+#ATG#660	AGG
ChrB#115795#+#ATG#640	GAG
ChrB#116031#+#CTG#850	GCG
ChrB#116089#+#CTG#810	CTT
ChrB#116315#+#ATG#560	CCT
ChrB#117688#+#CTG#830	GGA
ChrB#117700#+#CTG#770	CTT
ChrB#117712#+#ATG#530	GAG
ChrB#117733#+#ATG#500	GCC
ChrB#117914#+#CTG#760	CAG
ChrB#118031#+#CTG#790	GGG
ChrB#118063#+#CTG#750	GAG
ChrB#118069#+#ATG#590	CCC
ChrB#118243#+#ATG#730	AAC
ChrB#118327#+#ATG#860	ACC
ChrB#118390#+#CTG#900	GAG
ChrB#118799#+#ATG#610	CCC
ChrB#120425#+#ATG#910	TTT
ChrB#120514#+#CTG#750	CCT
ChrB#120539#+#CTG#820	ATT
ChrB#120617#+#CTG#780	TCC
ChrB#124021#+#CTG#840	AAG
ChrB#124978#+#ATG#510	GAT
ChrB#125006#+#CTG#840	GGC
ChrB#125244#+#ATG#620	AGG
ChrB#125564#+#CTG#910	AAT
ChrB#125606#+#CTG#860	CCA
ChrB#125609#+#CTG#910	CTG
ChrB#126022#+#CTG#800	TCA
ChrB#126086#+#CTG#910	TTT
ChrB#127092#+#CTG#760	CAA
ChrB#127216#+#ATG#650	GGC
ChrB#127264#+#ATG#530	TCC
ChrB#127455#+#ATG#640	GGA
ChrB#127815#+#CTG#760	GAC
ChrB#127836#+#CTG#770	CCT
ChrB#127845#+#ATG#690	CCT
ChrB#128097#+#CTG#790	ACC
ChrB#128139#+#CTG#870	ATT
ChrB#128148#+#ATG#790	TTG
ChrB#128196#+#CTG#770	CTC
ChrB#128448#+#ATG#680	GAA
ChrB#128513#+#ATG#580	GAG
ChrB#128519#+#ATG#590	CCT
ChrB#128564#+#ATG#970	AAG
ChrB#128895#+#CTG#870	AGC
ChrB#129293#+#CTG#940	CAT
ChrB#129377#+#ATG#570	GGG
ChrB#130392#+#CTG#800	CTC
ChrB#130401#+#ATG#830	GCT
ChrB#130490#+#ATG#540	GCA
ChrB#130828#+#ATG#830	GCC
ChrB#130906#+#CTG#950	AAA
ChrB#131446#+#ATG#500	CAA
ChrB#132107#+#ATG#580	AGA
ChrB#132116#+#ATG#610	GAG
ChrB#132152#+#CTG#900	CTA
ChrB#132179#+#CTG#750	ACC
ChrB#132666#+#CTG#880	TAC
ChrB#132807#+#CTG#800	AAA
ChrB#132810#+#CTG#850	CTG
ChrB#132865#+#ATG#730	TAG
ChrB#132891#+#CTG#870	GAG
ChrB#132915#+#CTG#820	GGC
ChrB#133026#+#ATG#790	TCA
ChrB#133065#+#CTG#860	ATT
ChrB#133484#+#ATG#620	TAA
ChrB#134292#+#CTG#880	GGC
ChrB#134307#+#ATG#700	AGG
ChrB#134319#+#CTG#780	CAT
ChrB#134335#+#ATG#520	TTC
ChrB#134596#+#ATG#820	CCC
ChrB#134632#+#CTG#860	GTA
ChrB#134713#+#ATG#730	GCC
ChrB#135065#+#CTG#870	TTT
ChrB#135382#+#CTG#920	CCC
ChrB#135403#+#CTG#860	ACT
ChrB#136209#+#CTG#850	TTT
ChrB#136398#+#ATG#520	AAT
ChrB#136671#+#CTG#820	GAT
ChrB#136702#+#ATG#580	AGG
ChrB#136812#+#CTG#840	GTC
ChrB#137059#+#ATG#540	GAG
ChrB#137266#+#CTG#980	CTC
ChrB#137320#+#ATG#670	GGC
ChrB#137910#+#ATG#650	GAA
ChrB#138002#+#CTG#750	AGG
ChrB#138099#+#ATG#670	GAG
ChrB#138153#+#ATG#660	TCA
ChrB#139001#+#ATG#540	AAG
ChrB#139035#+#CTG#950	GTT
ChrB#139059#+#CTG#780	TCC
ChrB#139158#+#CTG#800	CTC
ChrB#139206#+#CTG#790	GAG
ChrB#139209#+#CTG#790	CTG
ChrB#139861#+#ATG#950	TTT
ChrB#140826#+#ATG#830	GAT
ChrB#146604#+#ATG#800	GTG
ChrB#146625#+#ATG#630	CAA
ChrB#146641#+#ATG#600	GGA
ChrB#146683#+#ATG#850	AGC
ChrB#147571#+#CTG#840	ACT
ChrB#147670#+#CTG#860	GCT
ChrB#148681#+#ATG#530	GAT
ChrB#148703#+#CTG#820	GTG
ChrB#150300#+#ATG#790	GAC
ChrB#150341#+#CTG#780	ATC
ChrB#150681#+#ATG#820	CTC
ChrB#150690#+#ATG#810	AAA
ChrB#150943#+#ATG#600	TAA
ChrB#151792#+#ATG#530	CCT
ChrB#151906#+#CTG#780	ATT
ChrB#152211#+#ATG#710	TAA
ChrB#152843#+#CTG#790	GCC
ChrB#152900#+#ATG#760	CAC
ChrB#152903#+#CTG#850	ATG
ChrB#152918#+#CTG#750	TAC
ChrB#153217#+#CTG#750	TTT
ChrB#153357#+#ATG#770	CTA
ChrB#153602#+#CTG#890	GAC
ChrB#153608#+#ATG#900	CTC
ChrB#153634#+#CTG#800	TGG
ChrB#153656#+#ATG#570	ATC
ChrB#153680#+#CTG#900	CCT
ChrB#154150#+#CTG#890	TCA
ChrB#154289#+#CTG#930	ATT
ChrB#154301#+#CTG#850	AAA
ChrB#154307#+#CTG#830	GCT
ChrB#154448#+#CTG#800	GAA
ChrB#155226#+#ATG#890	CTG
ChrB#155513#+#ATG#740	CCA
ChrB#155876#+#ATG#790	AAT
ChrB#155903#+#CTG#870	CTT
ChrB#155942#+#ATG#630	CAG
ChrB#156982#+#CTG#900	CCC
ChrB#157033#+#ATG#940	ACA
ChrB#157955#+#ATG#920	CTT
ChrB#158054#+#CTG#820	TTC
ChrB#158069#+#CTG#810	GAG
ChrB#158081#+#CTG#830	TTA
ChrB#158474#+#ATG#650	AAA
ChrB#158925#+#CTG#810	ACT
ChrB#159661#+#ATG#910	ATC
ChrB#159830#+#ATG#580	GAG
ChrB#159900#+#CTG#870	CCA
ChrB#159955#+#CTG#860	TGA
ChrB#160178#+#ATG#670	TAC
ChrB#161658#+#CTG#850	TCT
ChrB#161690#+#ATG#530	GCC
ChrB#161738#+#ATG#500	ACC
ChrB#162691#+#ATG#760	GCT
ChrB#163224#+#ATG#500	ATC
ChrB#164338#+#ATG#590	AAT
ChrB#164440#+#CTG#950	CAG
ChrB#164479#+#ATG#810	GAA
ChrB#164562#+#ATG#600	AGA
ChrB#164580#+#CTG#790	ATC
ChrB#165954#+#ATG#560	GAA
ChrB#166434#+#ATG#580	ATC
ChrB#166902#+#CTG#890	CAG
ChrB#167001#+#ATG#500	AAA
ChrB#167161#+#ATG#580	AGC
ChrB#167185#+#ATG#880	AAA
ChrB#167424#+#ATG#560	TGA
ChrB#168012#+#CTG#860	CTC
ChrB#168127#+#ATG#800	AAA
ChrB#168518#+#ATG#760	GCC
ChrB#168640#+#CTG#880	TAT
ChrB#168798#+#CTG#930	CCC
ChrB#169604#+#ATG#680	AAA
ChrB#169759#+#CTG#810	TTA
ChrB#169792#+#ATG#700	TTA
ChrB#170413#+#ATG#530	GAA
ChrB#170730#+#ATG#710	TAC
ChrB#172057#+#CTG#790	CCT
ChrB#173332#+#CTG#890	GAG
ChrB#173548#+#ATG#720	TTA
ChrB#173620#+#ATG#510	ACG
ChrB#173881#+#CTG#870	GCC
ChrB#173931#+#ATG#810	ACA
ChrB#174018#+#ATG#750	CTT
ChrB#174448#+#ATG#540	ACA
ChrB#174505#+#ATG#650	TAG
ChrB#174688#+#ATG#660	TTA
ChrB#175135#+#ATG#680	ATT
ChrB#175460#+#CTG#760	ATA
ChrB#177012#+#ATG#810	AAT
ChrB#177411#+#ATG#750	TAA
ChrB#177727#+#ATG#920	ATC
ChrB#178482#+#ATG#610	TCT
ChrB#178523#+#CTG#760	TGA
ChrB#178691#+#ATG#570	GAC
ChrB#178718#+#ATG#580	GAC
ChrB#179789#+#ATG#580	TAC
ChrB#179865#+#ATG#580	TAC
ChrB#179941#+#ATG#580	TAC
ChrB#180248#+#ATG#580	TAC
ChrB#181325#+#ATG#580	TAC
ChrB#182794#+#ATG#540	TAA
ChrB#183256#+#ATG#740	TGA
ChrB#183992#+#ATG#510	AGT
ChrB#184244#+#ATG#730	AAC
ChrB#184280#+#CTG#910	TTG
ChrB#184286#+#ATG#760	AGA
ChrB#184289#+#ATG#740	ATG
ChrB#184745#+#ATG#840	CTG
ChrB#184793#+#ATG#930	TAG
ChrB#185151#+#ATG#690	CTG
ChrB#185298#+#ATG#560	AGA
ChrB#185768#+#ATG#560	TAT
ChrB#185888#+#CTG#830	GAT
ChrB#185991#+#ATG#610	AAA
ChrB#186048#+#ATG#560	TCA
ChrB#186164#+#CTG#790	AAT
ChrB#186323#+#CTG#760	GCA
ChrB#186472#+#CTG#860	GTT
ChrB#186505#+#CTG#830	GAG
ChrB#187352#+#CTG#750	TTG
ChrB#187406#+#ATG#680	TCA
ChrB#187745#+#CTG#750	TAG
ChrB#187778#+#ATG#520	ACA
ChrB#187790#+#ATG#750	GGA
ChrB#188109#+#CTG#850	TCT
ChrB#188124#+#CTG#980	TCT
ChrB#188255#+#ATG#850	CTG
ChrB#188261#+#CTG#820	GCT
ChrB#188411#+#CTG#850	TGG
ChrB#188687#+#ATG#750	TCC
ChrB#188693#+#ATG#740	AAG
ChrB#188911#+#CTG#780	GAC
ChrB#189190#+#CTG#830	TTG
ChrB#189607#+#ATG#510	CAA
ChrB#190856#+#ATG#500	TCA
ChrB#192562#+#ATG#680	CAT
ChrB#192717#+#ATG#500	TTC
ChrB#193397#+#ATG#550	AAA
ChrB#193415#+#ATG#970	ACC
ChrB#193478#+#CTG#790	AAG
ChrB#193822#+#ATG#540	AAA
ChrB#194413#+#ATG#900	AAG
ChrB#194697#+#ATG#730	TAA
ChrB#194724#+#ATG#660	CAC
ChrB#196668#+#ATG#730	CAA
ChrB#197330#+#ATG#590	AAC
ChrB#197358#+#CTG#830	CCA
ChrB#197370#+#CTG#840	GAG
ChrB#197394#+#ATG#740	TGG
ChrB#197456#+#ATG#690	AGT
ChrB#197486#+#CTG#780	CCA
ChrB#197567#+#CTG#840	AAG
ChrB#197729#+#CTG#880	TAT
ChrB#197741#+#ATG#760	GCC
ChrB#197747#+#ATG#610	GCT
ChrB#197801#+#ATG#830	GCG
ChrB#197888#+#ATG#830	TCA
ChrB#198844#+#ATG#610	TCC
ChrB#198932#+#CTG#810	TCT
ChrB#199478#+#ATG#510	GCT
ChrB#199661#+#CTG#940	ATA
ChrB#199670#+#CTG#930	CCT
ChrB#199697#+#ATG#910	AAG
ChrB#199724#+#ATG#780	CCT
ChrB#199897#+#ATG#750	GAA
ChrB#201051#+#ATG#520	GCC
ChrB#201339#+#CTG#750	TCT
ChrB#201345#+#CTG#780	TTT
ChrB#201777#+#CTG#830	CTA
ChrB#201913#+#ATG#570	ACT
ChrB#203973#+#ATG#520	AGG
ChrB#204015#+#ATG#720	GTG
ChrB#204024#+#ATG#750	CAA
ChrB#204704#+#CTG#890	CTT
ChrB#204864#+#ATG#930	TGA
ChrB#204876#+#ATG#880	ATA
ChrB#204885#+#ATG#920	GTG
ChrB#205601#+#CTG#960	TCA
ChrB#207328#+#ATG#600	GTA
ChrB#207585#+#ATG#610	GAA
ChrB#207606#+#ATG#730	CTA
ChrB#207985#+#CTG#750	GTT
ChrB#208282#+#ATG#530	TCA
ChrB#208721#+#CTG#860	TAA
ChrB#208760#+#CTG#870	AAT
ChrB#208799#+#CTG#760	TGC
ChrB#209317#+#ATG#570	GTA
ChrB#209397#+#ATG#530	TAT
ChrB#209846#+#CTG#930	GTG
ChrB#209867#+#CTG#870	ATT
ChrB#209995#+#ATG#570	ATC
ChrB#210175#+#ATG#510	CAC
ChrB#210905#+#CTG#940	TGT
ChrB#211035#+#CTG#850	CCT
ChrB#211074#+#CTG#870	TAG
ChrB#211145#+#CTG#930	GCC
ChrB#211270#+#ATG#780	CTT
ChrB#211310#+#ATG#500	AAA
ChrB#211375#+#CTG#940	TTC
ChrB#211384#+#CTG#860	AAA
ChrB#211693#+#CTG#850	TTT
ChrB#211820#+#ATG#910	TTC
ChrB#211823#+#CTG#800	ATG
ChrB#211858#+#ATG#560	TTT
ChrB#211918#+#ATG#820	ATC
ChrB#212110#+#ATG#720	ATT
ChrB#212631#+#ATG#640	TGA
ChrB#212968#+#CTG#790	GCT
ChrB#213959#+#ATG#520	GTG
ChrB#214151#+#ATG#510	AAC
ChrB#214338#+#CTG#810	TAC
ChrB#214379#+#CTG#800	ATA
ChrB#214509#+#CTG#840	GTA
ChrB#214536#+#ATG#750	AGC
ChrB#214551#+#CTG#820	GCC
ChrB#214567#+#CTG#780	CAC
ChrB#215305#+#ATG#700	AAT
ChrB#215990#+#ATG#540	TAT
ChrB#216335#+#ATG#890	TGA
ChrB#216350#+#ATG#880	GGC
ChrB#216353#+#CTG#1000	ATG
ChrB#216716#+#ATG#610	CCT
ChrB#217264#+#CTG#880	GAG
ChrB#218270#+#ATG#740	GCA
ChrB#218535#+#ATG#880	GTG
ChrB#219175#+#CTG#780	TGC
ChrB#219809#+#CTG#990	CTT
ChrB#220064#+#ATG#840	AAG
ChrB#220070#+#ATG#630	CCC
ChrB#220253#+#ATG#750	ACA
ChrB#220392#+#ATG#710	AAC
ChrB#221295#+#CTG#760	ATC
ChrB#221739#+#ATG#560	AAA
ChrB#222114#+#ATG#560	ATC
ChrB#222722#+#CTG#870	GTC
ChrB#224465#+#ATG#630	TTA
ChrB#225620#+#CTG#800	ACT
ChrB#225795#+#ATG#900	ATT
ChrB#226728#+#CTG#790	CTC
ChrB#226822#+#ATG#580	GGA
ChrB#227498#+#ATG#860	CTT
ChrB#227704#+#ATG#850	AAT
ChrB#228020#+#ATG#640	TAA
ChrB#228166#+#ATG#570	TTA
ChrB#228417#+#ATG#590	TAT
ChrB#228799#+#CTG#750	AAC
ChrB#228821#+#CTG#850	TAG
ChrB#228884#+#CTG#750	AAA
ChrB#229341#+#ATG#570	GAA
ChrB#229466#+#CTG#880	AAT
ChrB#229490#+#CTG#890	AAA
ChrB#229725#+#ATG#560	CAA
ChrB#230839#+#ATG#700	ACT
ChrB#230888#+#ATG#600	TAC
ChrB#230979#+#ATG#690	AAG
ChrB#231472#+#ATG#810	ACG
ChrB#231502#+#CTG#850	CAG
ChrB#231508#+#CTG#800	AGT
ChrB#231831#+#ATG#880	AAG
ChrB#231866#+#CTG#830	GCA
ChrB#233310#+#ATG#950	GGT
ChrB#233334#+#CTG#880	CCA
ChrB#233346#+#CTG#840	AGC
ChrB#233417#+#CTG#770	GGC
ChrB#233894#+#CTG#850	GCC
ChrB#233915#+#CTG#810	TCC
ChrB#234629#+#CTG#860	ACT
ChrB#234653#+#ATG#820	AGC
ChrB#235428#+#ATG#810	GAC
ChrB#235463#+#ATG#650	CAA
ChrB#235470#+#ATG#610	AAG
ChrB#235521#+#ATG#860	GCC
ChrB#235605#+#CTG#910	GCG
ChrB#235617#+#CTG#800	TCA
ChrB#235651#+#ATG#760	ATC
ChrB#236080#+#CTG#850	CAA
ChrB#236086#+#CTG#810	AAG
ChrB#236089#+#CTG#870	CTG
ChrB#236113#+#CTG#980	GTT
ChrB#236192#+#CTG#790	TGC
ChrB#236219#+#CTG#880	GCT
ChrB#236303#+#CTG#750	GCC
ChrB#239821#+#ATG#650	GGC
ChrB#239866#+#CTG#780	GAG
ChrB#240094#+#ATG#900	TAA
ChrB#240116#+#CTG#870	GAG
ChrB#240122#+#CTG#760	TGC
ChrB#240131#+#CTG#760	AGG
ChrB#240134#+#CTG#910	CTG
ChrB#240184#+#CTG#810	GAG
ChrB#240332#+#ATG#740	GCC
ChrB#240337#+#CTG#920	GAG
ChrB#240665#+#CTG#970	GAC
ChrB#240671#+#CTG#750	GGC
ChrB#240683#+#CTG#800	CTG
ChrB#240702#+#CTG#860	AAT
ChrB#240949#+#ATG#880	AAG
ChrB#241200#+#CTG#790	TGA
ChrB#241212#+#CTG#810	GTT
ChrB#241218#+#CTG#780	GGC
ChrB#242115#+#ATG#550	CTC
ChrB#242320#+#ATG#670	GGC
ChrB#242326#+#ATG#950	ATT
ChrB#242347#+#ATG#880	CGG
ChrB#242628#+#ATG#790	ATA
ChrB#242658#+#CTG#820	ATA
ChrB#242786#+#ATG#860	ACC
ChrB#242842#+#CTG#810	CAT
ChrB#242863#+#CTG#800	AAT
ChrB#242967#+#CTG#850	TAG
ChrB#243004#+#CTG#790	ACT
ChrB#243045#+#CTG#790	TCA
ChrB#243647#+#CTG#840	ACC
ChrB#243773#+#CTG#980	TTT
ChrB#243782#+#CTG#920	TTT
ChrB#243803#+#ATG#750	AAA
ChrB#244609#+#CTG#790	TGA
ChrB#244621#+#CTG#810	GTT
ChrB#244627#+#CTG#780	GGC
ChrB#245728#+#ATG#880	GGC
ChrB#245734#+#ATG#980	ATT
ChrB#245752#+#CTG#900	AGC
ChrB#246036#+#ATG#790	ATA
ChrB#246066#+#CTG#820	ATA
ChrB#246194#+#ATG#860	ACC
ChrB#246250#+#CTG#810	CAT
ChrB#246271#+#CTG#800	AAT
ChrB#246375#+#CTG#850	TAG
ChrB#246412#+#CTG#790	ACT
ChrB#246453#+#CTG#790	TCA
ChrB#247053#+#CTG#840	ACC
ChrB#247179#+#CTG#980	TTT
ChrB#247188#+#CTG#920	TTT
ChrB#247209#+#ATG#750	AAA
ChrB#247792#+#ATG#970	ATC
ChrB#247816#+#CTG#890	TAC
ChrB#247825#+#CTG#860	TTA
ChrB#248015#+#CTG#790	TGA
ChrB#248033#+#CTG#780	GGC
ChrB#249135#+#ATG#750	GGC
ChrB#249141#+#ATG#880	ATT
ChrB#249443#+#ATG#790	ATA
ChrB#249473#+#CTG#820	ATA
ChrB#249601#+#ATG#950	ACC
ChrB#249657#+#CTG#810	CAT
ChrB#249678#+#CTG#800	AAT
ChrB#249784#+#CTG#760	TGG
ChrB#249821#+#CTG#790	ACT
ChrB#249862#+#CTG#790	TCA
ChrB#250595#+#CTG#980	TTT
ChrB#250604#+#CTG#920	TTT
ChrB#250625#+#ATG#750	AAA
ChrB#251208#+#ATG#620	GTC
ChrB#251431#+#CTG#790	TGA
ChrB#251443#+#CTG#810	GTT
ChrB#251449#+#CTG#780	GGC
ChrB#252523#+#ATG#530	TGG
ChrB#252539#+#CTG#880	ATT
ChrB#254339#+#ATG#650	TGG
ChrB#254725#+#CTG#830	TAC
ChrB#254734#+#ATG#880	AAC
ChrB#254758#+#CTG#770	TTC
ChrB#254777#+#ATG#680	TTC
ChrB#255602#+#ATG#870	CAG
ChrB#256983#+#CTG#870	CCA
ChrB#257076#+#CTG#820	CTC
ChrB#257085#+#CTG#790	TCT
ChrB#257248#+#CTG#800	CAT
ChrB#257621#+#ATG#730	TCT
ChrB#258252#+#CTG#850	GTC
ChrB#258258#+#CTG#910	TTT
ChrB#258726#+#ATG#590	GCC
ChrB#258978#+#CTG#920	AGT
ChrB#260427#+#ATG#500	TCG
ChrB#260488#+#ATG#700	TGA
ChrB#260643#+#ATG#580	AAC
ChrB#260954#+#ATG#810	TAA
ChrB#261012#+#ATG#660	AGA
ChrB#261040#+#ATG#730	CCC
ChrB#262189#+#ATG#710	ATC
ChrB#263212#+#ATG#520	TGC
ChrB#263503#+#CTG#890	CCA
ChrB#264108#+#CTG#780	AGC
ChrB#264553#+#CTG#830	TAG
ChrB#264862#+#CTG#860	CAC
ChrB#265073#+#ATG#740	GGC
ChrB#265082#+#CTG#840	GCT
ChrB#265387#+#CTG#850	GCT
ChrB#265405#+#ATG#730	TCA
ChrB#265456#+#CTG#790	GCC
ChrB#265824#+#CTG#750	TGG
ChrB#266703#+#CTG#810	AAC
ChrB#267516#+#CTG#910	TAC
ChrB#267525#+#ATG#790	AAC
ChrB#267568#+#ATG#810	TTC
ChrB#268065#+#ATG#760	ACT
ChrB#268434#+#ATG#590	ATT
ChrB#269435#+#CTG#880	CTC
ChrB#269475#+#CTG#820	GTG
ChrB#269488#+#CTG#940	AGG
ChrB#269500#+#ATG#770	ACC
ChrB#269819#+#ATG#760	ATT
ChrB#270109#+#ATG#560	CAA
ChrB#270228#+#CTG#900	CCA
ChrB#270240#+#CTG#880	AGT
ChrB#270360#+#ATG#620	TTA
ChrB#270775#+#CTG#800	ACT
ChrB#271833#+#ATG#880	CTT
ChrB#272356#+#ATG#680	CAA
ChrB#272395#+#ATG#500	ACA
ChrB#272710#+#CTG#780	CTC
ChrB#272715#+#CTG#780	GAA
ChrB#272982#+#CTG#820	TGA
ChrB#273046#+#ATG#510	GAG
ChrB#273242#+#CTG#920	CGG
ChrB#273254#+#ATG#730	TGT
ChrB#274690#+#ATG#550	GAA
ChrB#274836#+#ATG#760	ACA
ChrB#275034#+#ATG#760	GCA
ChrB#275526#+#ATG#750	AAA
ChrB#275541#+#ATG#710	GAA
ChrB#275632#+#ATG#650	TAT
ChrB#275711#+#ATG#830	CTA
ChrB#276759#+#CTG#830	GTA
ChrB#277910#+#ATG#760	ATC
ChrB#278631#+#ATG#680	CTC
ChrB#278634#+#ATG#720	ATG
ChrB#279264#+#CTG#930	TAT
ChrB#280125#+#ATG#550	CTG
ChrB#280338#+#ATG#880	AAC
ChrB#280347#+#CTG#760	CAG
ChrB#280619#+#CTG#950	CCA
ChrB#280631#+#ATG#770	TGG
ChrB#281139#+#CTG#830	ATT
ChrB#281573#+#CTG#850	CAC
ChrB#281672#+#ATG#880	CTC
ChrB#281711#+#CTG#790	GCA
ChrB#282171#+#ATG#530	CTC
ChrB#282273#+#ATG#500	CCA
ChrB#282466#+#CTG#960	TTC
ChrB#282499#+#CTG#830	AGC
ChrB#282544#+#ATG#860	CCC
ChrB#282550#+#ATG#920	GTT
ChrB#284226#+#ATG#680	CAG
ChrB#284229#+#CTG#780	ATG
ChrB#284334#+#ATG#940	CCA
ChrB#284377#+#CTG#860	TCA
ChrB#284532#+#CTG#880	CCA
ChrB#284620#+#ATG#590	TGG
ChrB#284635#+#ATG#650	TGG
ChrB#284760#+#CTG#850	CCC
ChrB#286319#+#CTG#790	AGC
ChrB#286696#+#CTG#860	GAG
ChrB#286702#+#CTG#870	AGA
ChrB#286742#+#CTG#780	ACC
ChrB#286805#+#ATG#900	TTT
ChrB#286817#+#CTG#770	GTA
ChrB#287243#+#CTG#820	CCA
ChrB#287255#+#ATG#660	AGC
ChrB#287275#+#CTG#860	GCT
ChrB#287509#+#CTG#810	TCA
ChrB#287518#+#CTG#820	TCT
ChrB#287593#+#CTG#810	CGC
ChrB#287897#+#CTG#860	TAG
ChrB#287903#+#ATG#510	GGC
ChrB#288145#+#ATG#500	CAA
ChrB#288857#+#ATG#720	AGG
ChrB#290009#+#CTG#810	ACT
ChrB#290012#+#ATG#820	CTG
ChrB#290021#+#CTG#790	AAA
ChrB#291394#+#ATG#570	AAC
ChrB#291835#+#ATG#500	TGC
ChrB#291868#+#ATG#760	GAA
ChrB#292124#+#CTG#910	TCA
ChrB#292862#+#ATG#570	CTG
ChrB#293139#+#ATG#720	TTA
ChrB#294331#+#ATG#540	GTG
ChrB#294351#+#ATG#830	AAT
ChrB#294370#+#CTG#850	AGA
ChrB#294376#+#ATG#810	AGC
ChrB#294521#+#ATG#720	TAC
ChrB#294530#+#ATG#570	GAC
ChrB#294613#+#ATG#850	GAC
ChrB#294673#+#ATG#820	GTG
ChrB#295570#+#ATG#500	TCT
ChrB#295610#+#ATG#610	TCA
ChrB#296016#+#ATG#510	AGA
ChrB#296019#+#ATG#540	ATG
ChrB#296438#+#ATG#710	AAC
ChrB#297379#+#ATG#620	TTT
ChrB#297749#+#ATG#670	CAC
ChrB#297773#+#CTG#780	AGG
ChrB#298081#+#ATG#570	CCT
ChrB#298387#+#ATG#540	AGA
ChrB#298845#+#CTG#790	TAA
ChrB#299373#+#ATG#500	TCT
ChrB#299376#+#ATG#520	ATG
ChrB#299986#+#ATG#900	GGT
ChrB#300428#+#ATG#540	TGA
ChrB#300488#+#ATG#520	GCA
ChrB#300513#+#ATG#530	GCA
ChrB#300563#+#ATG#510	GGA
ChrB#300608#+#ATG#510	AGA
ChrB#300638#+#ATG#550	GAA
ChrB#300683#+#ATG#500	CAA
ChrB#300713#+#ATG#500	ACA
ChrB#300788#+#ATG#510	GGT
ChrB#300803#+#ATG#570	GGA
ChrB#300848#+#ATG#540	GGA
ChrB#300878#+#ATG#540	GGA
ChrB#300903#+#ATG#540	TGA
ChrB#300933#+#ATG#510	CCA
ChrB#300968#+#ATG#510	GGA
ChrB#300993#+#ATG#530	TGA
ChrB#301003#+#ATG#530	GGA
ChrB#301133#+#ATG#500	GGA
ChrB#301838#+#ATG#500	AGA
ChrB#301853#+#ATG#520	CGA
ChrB#301868#+#ATG#570	GCA
ChrB#301943#+#ATG#530	GGA
ChrB#302008#+#ATG#580	GCA
ChrB#302023#+#ATG#570	CAA
ChrB#302033#+#ATG#580	GGA
ChrB#302063#+#ATG#550	GGA
ChrB#302078#+#ATG#540	GGA
ChrB#302083#+#ATG#530	GGA
ChrB#302179#+#ATG#530	GGA
ChrB#302380#+#ATG#510	GGA
ChrB#302390#+#ATG#510	GGA
ChrB#302547#+#ATG#510	GGA
ChrB#302891#+#ATG#500	GTA
ChrB#302976#+#ATG#550	GGA
ChrB#302986#+#ATG#530	TGA
ChrB#302991#+#ATG#520	GGA
ChrB#303011#+#ATG#510	GGA
ChrB#303016#+#ATG#500	GGA
ChrB#303021#+#ATG#550	GGA
ChrB#303031#+#ATG#500	GGA
ChrB#303036#+#ATG#530	GGA
ChrB#303051#+#ATG#530	GGA
ChrB#303066#+#ATG#530	CGA
ChrB#303081#+#ATG#620	GGA
ChrB#303356#+#ATG#820	GAA
ChrB#303694#+#ATG#540	GGA
ChrB#303697#+#ATG#840	ATG
ChrB#303739#+#ATG#600	GGG
ChrB#303779#+#ATG#770	ATC
ChrB#304020#+#ATG#560	ACA
ChrB#304038#+#ATG#710	TTT
ChrB#304229#+#CTG#880	AAA
ChrB#304441#+#ATG#530	CTG
ChrB#304619#+#CTG#950	TAT
ChrB#304866#+#CTG#930	GTT
ChrB#304887#+#CTG#810	TTC
ChrB#305087#+#CTG#910	CCT
ChrB#305144#+#CTG#880	CTC
ChrB#305147#+#CTG#780	CTG
ChrB#305225#+#ATG#530	AGC
ChrB#305231#+#ATG#530	GAC
ChrB#305496#+#CTG#770	TTT
ChrB#305517#+#CTG#850	GCA
ChrB#305715#+#ATG#720	CAG
ChrB#306082#+#CTG#910	CAT
ChrB#306097#+#CTG#950	TCT
ChrB#306103#+#ATG#770	AAA
ChrB#307360#+#CTG#830	CCA
ChrB#307392#+#ATG#750	TAA
ChrB#308773#+#ATG#960	ATA
ChrB#308891#+#ATG#890	GAG
ChrB#308900#+#CTG#890	AAA
ChrB#308944#+#CTG#950	CCA
ChrB#308965#+#CTG#1000	GAC
ChrB#309037#+#CTG#890	GTG
ChrB#309706#+#ATG#870	GGC
ChrB#309793#+#ATG#530	TCA
ChrB#310495#+#CTG#760	CCT
ChrB#310507#+#ATG#760	ACT
ChrB#310675#-#ATG#590	TAA
ChrB#309956#-#ATG#520	TTA
ChrB#309322#-#CTG#910	GCG
ChrB#308723#-#CTG#950	GGT
ChrB#308702#-#CTG#840	TTT
ChrB#308684#-#CTG#820	AGG
ChrB#308639#-#CTG#770	TCT
ChrB#308627#-#ATG#560	CCC
ChrB#308444#-#ATG#730	GAA
ChrB#308386#-#ATG#700	TTG
ChrB#307522#-#ATG#660	CAA
ChrB#307440#-#ATG#740	TTA
ChrB#307191#-#ATG#760	GTA
ChrB#307008#-#CTG#820	CTC
ChrB#306941#-#ATG#860	AGC
ChrB#306938#-#CTG#820	ATG
ChrB#306894#-#ATG#500	AGG
ChrB#306314#-#CTG#760	TCT
ChrB#306261#-#ATG#540	AAT
ChrB#305934#-#CTG#870	ACC
ChrB#305919#-#CTG#790	AGG
ChrB#305862#-#CTG#800	CCA
ChrB#305778#-#CTG#830	CGG
ChrB#305763#-#CTG#930	GTG
ChrB#305536#-#CTG#950	GTT
ChrB#305257#-#ATG#600	AGT
ChrB#305177#-#ATG#750	GGG
ChrB#305168#-#CTG#850	AAC
ChrB#304977#-#ATG#820	ATC
ChrB#304718#-#CTG#770	ACT
ChrB#304679#-#ATG#970	AAC
ChrB#304261#-#ATG#690	GGG
ChrB#304236#-#ATG#630	TGA
ChrB#299636#-#ATG#650	GAG
ChrB#298930#-#CTG#880	CTT
ChrB#298900#-#ATG#970	GTA
ChrB#298831#-#CTG#840	CAT
ChrB#298819#-#ATG#880	TAC
ChrB#298652#-#ATG#550	TTG
ChrB#298523#-#ATG#500	AAA
ChrB#298517#-#ATG#630	TCA
ChrB#298124#-#ATG#720	AAA
ChrB#297396#-#ATG#590	AAA
ChrB#297043#-#ATG#720	CTA
ChrB#296152#-#ATG#990	GTC
ChrB#295791#-#ATG#730	TAT
ChrB#295770#-#ATG#820	ACC
ChrB#295761#-#ATG#540	GAT
ChrB#295472#-#CTG#750	TTG
ChrB#295133#-#CTG#770	ATA
ChrB#295097#-#CTG#820	GTT
ChrB#294872#-#ATG#790	CCT
ChrB#294663#-#ATG#550	TCA
ChrB#294424#-#CTG#960	TCA
ChrB#294396#-#ATG#500	ATT
ChrB#293987#-#CTG#770	ACA
ChrB#293960#-#ATG#780	TCT
ChrB#293939#-#CTG#870	ACA
ChrB#293288#-#ATG#510	TTT
ChrB#292994#-#ATG#560	TGA
ChrB#292310#-#ATG#620	CAT
ChrB#292237#-#ATG#570	ATC
ChrB#291973#-#ATG#850	GGG
ChrB#291734#-#CTG#800	AAC
ChrB#290035#-#CTG#850	TGC
ChrB#289224#-#CTG#790	AGC
ChrB#289179#-#CTG#780	TAG
ChrB#288306#-#CTG#810	GCA
ChrB#287950#-#CTG#940	CTC
ChrB#287929#-#CTG#810	AAG
ChrB#287581#-#ATG#600	TGC
ChrB#287472#-#ATG#710	GCA
ChrB#286943#-#CTG#800	TTG
ChrB#286940#-#ATG#740	CTG
ChrB#286836#-#CTG#760	TTT
ChrB#285976#-#ATG#570	ACA
ChrB#285944#-#ATG#710	GTA
ChrB#285795#-#ATG#630	TGA
ChrB#285191#-#ATG#530	TTT
ChrB#285185#-#ATG#500	TTG
ChrB#284683#-#ATG#740	TCC
ChrB#284458#-#ATG#680	GCC
ChrB#284452#-#CTG#800	CTC
ChrB#284428#-#CTG#840	AAG
ChrB#284136#-#CTG#800	TTC
ChrB#283417#-#ATG#500	GGG
ChrB#283407#-#CTG#880	ACG
ChrB#282634#-#CTG#940	CTC
ChrB#282610#-#CTG#770	CTC
ChrB#282493#-#CTG#770	CAC
ChrB#282360#-#CTG#910	GCG
ChrB#281743#-#ATG#610	AAT
ChrB#281646#-#ATG#770	TCC
ChrB#281374#-#ATG#660	TAG
ChrB#281220#-#CTG#770	TTC
ChrB#280796#-#CTG#800	AGG
ChrB#280596#-#ATG#890	GCA
ChrB#279801#-#CTG#780	AAG
ChrB#279570#-#CTG#770	TCT
ChrB#279446#-#CTG#910	CTC
ChrB#278336#-#ATG#560	GTC
ChrB#278221#-#ATG#910	TTG
ChrB#278190#-#CTG#950	AGG
ChrB#278169#-#ATG#890	ATA
ChrB#278127#-#CTG#790	CTC
ChrB#277951#-#CTG#850	CCA
ChrB#277463#-#CTG#930	CAA
ChrB#277433#-#ATG#980	GAT
ChrB#276658#-#ATG#530	GTG
ChrB#276570#-#ATG#500	GAG
ChrB#276543#-#CTG#800	AGG
ChrB#276519#-#CTG#870	TTG
ChrB#276456#-#CTG#780	TCA
ChrB#276268#-#ATG#570	CCC
ChrB#276225#-#ATG#610	CTA
ChrB#275759#-#CTG#780	CCA
ChrB#274832#-#CTG#810	GTG
ChrB#274385#-#ATG#560	GGG
ChrB#274382#-#ATG#720	ATG
ChrB#274031#-#ATG#740	GAA
ChrB#273689#-#ATG#640	AAT
ChrB#273006#-#CTG#810	TTT
ChrB#272753#-#ATG#610	TTA
ChrB#272735#-#CTG#800	TTC
ChrB#272420#-#ATG#830	TAA
ChrB#272402#-#ATG#880	GAG
ChrB#272119#-#ATG#510	GAG
ChrB#271189#-#CTG#890	TCC
ChrB#270391#-#ATG#730	GAG
ChrB#269702#-#ATG#560	GAC
ChrB#269548#-#ATG#680	GGC
ChrB#269415#-#ATG#660	ATA
ChrB#269323#-#ATG#820	AAA
ChrB#269311#-#CTG#800	TCA
ChrB#269093#-#CTG#770	TAG
ChrB#268373#-#ATG#620	TAC
ChrB#267642#-#CTG#760	GTG
ChrB#267639#-#ATG#960	CTG
ChrB#267321#-#ATG#510	GGG
ChrB#266296#-#ATG#650	GGG
ChrB#265198#-#ATG#660	GGC
ChrB#265162#-#CTG#880	TTA
ChrB#265149#-#ATG#700	GTA
ChrB#264349#-#ATG#840	TTT
ChrB#264322#-#ATG#710	CAA
ChrB#263956#-#ATG#990	GTA
ChrB#263110#-#CTG#770	AGC
ChrB#263042#-#ATG#540	CAG
ChrB#261845#-#CTG#880	TAG
ChrB#261486#-#ATG#700	ATC
ChrB#261398#-#CTG#790	AGG
ChrB#261353#-#CTG#770	CTT
ChrB#261257#-#ATG#690	GAG
ChrB#261227#-#CTG#780	CCT
ChrB#260645#-#ATG#720	GCC
ChrB#260633#-#CTG#890	CGA
ChrB#260618#-#CTG#990	CTC
ChrB#260599#-#CTG#880	CTC
ChrB#259764#-#ATG#680	AAA
ChrB#259617#-#ATG#570	GCA
ChrB#259542#-#CTG#860	TAG
ChrB#259445#-#CTG#870	CTC
ChrB#259430#-#CTG#840	GAT
ChrB#259405#-#CTG#810	GTT
ChrB#259143#-#ATG#850	GTG
ChrB#258917#-#ATG#820	ACC
ChrB#258728#-#ATG#500	ATC
ChrB#258644#-#ATG#520	TGT
ChrB#258599#-#CTG#760	CTC
ChrB#258423#-#CTG#790	GGG
ChrB#258298#-#ATG#690	AGG
ChrB#257970#-#CTG#760	TCT
ChrB#257288#-#ATG#840	GAC
ChrB#257248#-#ATG#780	CAG
ChrB#256242#-#CTG#830	CCT
ChrB#255717#-#ATG#720	AAG
ChrB#255711#-#CTG#790	ACT
ChrB#255640#-#CTG#850	GAG
ChrB#255450#-#ATG#550	CTA
ChrB#254870#-#ATG#710	CAC
ChrB#254844#-#ATG#770	CTT
ChrB#254836#-#CTG#770	TGT
ChrB#254821#-#ATG#800	TTT
ChrB#254467#-#ATG#810	AAG
ChrB#254169#-#CTG#790	CAC
ChrB#253606#-#ATG#730	TAC
ChrB#253588#-#CTG#810	CAT
ChrB#253559#-#ATG#750	TAG
ChrB#253534#-#CTG#800	AGG
ChrB#253279#-#ATG#590	AAC
ChrB#253027#-#ATG#510	CCC
ChrB#252724#-#ATG#700	ACC
ChrB#252421#-#ATG#940	CAC
ChrB#252343#-#ATG#850	CAG
ChrB#252304#-#CTG#880	TTC
ChrB#252097#-#CTG#770	GTG
ChrB#251777#-#CTG#820	CAC
ChrB#251527#-#ATG#700	ATA
ChrB#251409#-#ATG#570	CTC
ChrB#251354#-#ATG#850	CAG
ChrB#251345#-#CTG#930	CTA
ChrB#251303#-#ATG#830	ACA
ChrB#250539#-#ATG#830	TAT
ChrB#250442#-#CTG#940	AGG
ChrB#248681#-#CTG#770	GTG
ChrB#248361#-#CTG#780	CGC
ChrB#248111#-#ATG#700	ATA
ChrB#247993#-#ATG#570	CTC
ChrB#247938#-#ATG#900	CAG
ChrB#247929#-#CTG#890	CTA
ChrB#247887#-#ATG#830	ACA
ChrB#247031#-#CTG#940	AGG
ChrB#245275#-#CTG#770	GTG
ChrB#244955#-#CTG#780	CGC
ChrB#244705#-#ATG#650	ATA
ChrB#244577#-#ATG#520	ACA
ChrB#244532#-#ATG#880	CAG
ChrB#244523#-#CTG#930	CTA
ChrB#244481#-#ATG#830	ACA
ChrB#243625#-#CTG#940	AGG
ChrB#242404#-#CTG#860	TTT
ChrB#241866#-#CTG#770	GTG
ChrB#241546#-#CTG#830	CAC
ChrB#241296#-#ATG#700	ATA
ChrB#240528#-#CTG#870	CTC
ChrB#240433#-#ATG#500	CTC
ChrB#240229#-#CTG#770	CCT
ChrB#240220#-#CTG#750	GCC
ChrB#240174#-#ATG#890	CTC
ChrB#240167#-#CTG#870	CAG
ChrB#240149#-#CTG#850	TTT
ChrB#240081#-#ATG#670	CTC
ChrB#239895#-#CTG#880	CTC
ChrB#236713#-#CTG#870	AGC
ChrB#236559#-#CTG#830	CCA
ChrB#236260#-#CTG#790	ACT
ChrB#236107#-#CTG#830	ATC
ChrB#236101#-#ATG#840	CCC
ChrB#236098#-#CTG#850	ATG
ChrB#236056#-#CTG#870	CCT
ChrB#236047#-#ATG#750	ACC
ChrB#234677#-#CTG#830	GGG
ChrB#233673#-#CTG#840	TTG
ChrB#233658#-#CTG#930	TGG
ChrB#233634#-#ATG#530	GGG
ChrB#233308#-#CTG#850	TAC
ChrB#233266#-#ATG#860	GCC
ChrB#232973#-#CTG#800	GTC
ChrB#232376#-#CTG#820	TGA
ChrB#232039#-#CTG#780	AGC
ChrB#231855#-#CTG#750	AGC
ChrB#231736#-#ATG#810	GTG
ChrB#231676#-#CTG#840	ACA
ChrB#231640#-#CTG#890	CAG
ChrB#231613#-#ATG#860	AAA
ChrB#231565#-#CTG#960	CAA
ChrB#231535#-#ATG#970	AAA
ChrB#231514#-#CTG#970	GCA
ChrB#231130#-#CTG#770	AGG
ChrB#231105#-#CTG#760	ACC
ChrB#230931#-#ATG#510	AAG
ChrB#229115#-#ATG#500	TTT
ChrB#228765#-#CTG#780	TGC
ChrB#228762#-#CTG#860	CTG
ChrB#227776#-#ATG#810	CTA
ChrB#227142#-#ATG#920	CAC
ChrB#227073#-#CTG#800	GGT
ChrB#227064#-#CTG#810	TTT
ChrB#226650#-#ATG#810	TAC
ChrB#226620#-#CTG#920	GGG
ChrB#226374#-#CTG#930	ATT
ChrB#226145#-#ATG#890	GCA
ChrB#226136#-#ATG#900	AAT
ChrB#226004#-#CTG#870	GTC
ChrB#224685#-#CTG#810	TCA
ChrB#223622#-#CTG#810	ATT
ChrB#223568#-#CTG#840	GCA
ChrB#223238#-#CTG#840	ATA
ChrB#223202#-#ATG#830	GGT
ChrB#223190#-#CTG#770	GCC
ChrB#222116#-#ATG#920	GCC
ChrB#221270#-#CTG#860	TTG
ChrB#220947#-#CTG#800	TAT
ChrB#219685#-#ATG#690	ACA
ChrB#219376#-#CTG#920	TAT
ChrB#219093#-#ATG#740	ATC
ChrB#218991#-#ATG#590	CTA
ChrB#218511#-#ATG#900	ACA
ChrB#218505#-#ATG#880	TCA
ChrB#218353#-#ATG#600	TCC
ChrB#218310#-#ATG#850	CTG
ChrB#218170#-#CTG#890	GAG
ChrB#217796#-#ATG#940	TAA
ChrB#217772#-#CTG#820	TTG
ChrB#217644#-#CTG#800	TTT
ChrB#217167#-#ATG#890	GCC
ChrB#216789#-#CTG#820	AAC
ChrB#216778#-#CTG#760	GAG
ChrB#216771#-#CTG#810	ATT
ChrB#215684#-#ATG#780	CAA
ChrB#215585#-#ATG#820	GAA
ChrB#215206#-#ATG#540	CAA
ChrB#214633#-#ATG#720	AAA
ChrB#213425#-#ATG#830	TGA
ChrB#213317#-#CTG#930	AGA
ChrB#213241#-#CTG#820	TTT
ChrB#212992#-#CTG#870	AAA
ChrB#212358#-#ATG#900	TAC
ChrB#212352#-#CTG#890	ATT
ChrB#211920#-#ATG#680	ACC
ChrB#211642#-#ATG#740	TGA
ChrB#211627#-#ATG#790	AAA
ChrB#211450#-#CTG#830	TAT
ChrB#211290#-#CTG#760	AAG
ChrB#211228#-#ATG#800	GCC
ChrB#210927#-#ATG#600	TGT
ChrB#210917#-#CTG#750	TGC
ChrB#210749#-#ATG#580	GGA
ChrB#210716#-#CTG#750	TGC
ChrB#210698#-#ATG#920	ACA
ChrB#210093#-#ATG#770	CTC
ChrB#209790#-#CTG#760	CAT
ChrB#209632#-#ATG#890	AAT
ChrB#209513#-#ATG#510	AAA
ChrB#209294#-#ATG#660	ATC
ChrB#207743#-#ATG#630	CTC
ChrB#207504#-#CTG#760	GAC
ChrB#207495#-#ATG#680	TTA
ChrB#207269#-#ATG#1000	ATT
ChrB#206709#-#CTG#770	CCT
ChrB#206298#-#ATG#660	TAT
ChrB#205829#-#ATG#800	ACA
ChrB#205412#-#ATG#720	GCA
ChrB#205024#-#ATG#770	CTC
ChrB#204979#-#ATG#500	TTG
ChrB#203491#-#ATG#600	CAC
ChrB#203425#-#ATG#890	TTG
ChrB#203265#-#ATG#700	AAC
ChrB#203253#-#CTG#870	AAA
ChrB#203232#-#ATG#830	TTC
ChrB#203135#-#CTG#800	CAC
ChrB#202757#-#CTG#830	TAC
ChrB#202534#-#ATG#510	TTT
ChrB#201873#-#ATG#560	GAA
ChrB#201053#-#ATG#770	GTC
ChrB#201044#-#ATG#620	ACT
ChrB#201034#-#ATG#560	TAA
ChrB#200331#-#ATG#760	AGA
ChrB#200165#-#ATG#700	TCT
ChrB#199990#-#CTG#960	ATT
ChrB#199945#-#ATG#770	TGA
ChrB#199942#-#ATG#850	ATG
ChrB#198959#-#ATG#690	TTC
ChrB#198519#-#ATG#560	CTT
ChrB#198321#-#CTG#930	ACA
ChrB#198309#-#ATG#700	TTG
ChrB#198306#-#ATG#510	ATG
ChrB#197580#-#ATG#570	CTA
ChrB#197296#-#ATG#510	CAG
ChrB#196697#-#ATG#610	TAG
ChrB#196691#-#ATG#560	ATT
ChrB#196574#-#ATG#650	GTT
ChrB#196487#-#CTG#780	TTT
ChrB#196471#-#CTG#770	TTG
ChrB#195712#-#ATG#520	TCT
ChrB#194842#-#ATG#770	CCT
ChrB#194662#-#CTG#890	TTT
ChrB#194206#-#ATG#520	TGC
ChrB#194137#-#CTG#750	ACC
ChrB#193492#-#ATG#500	AGA
ChrB#193035#-#CTG#760	TCT
ChrB#193032#-#ATG#790	CTG
ChrB#193003#-#ATG#620	CAT
ChrB#192984#-#ATG#910	TAA
ChrB#192967#-#ATG#740	GAA
ChrB#192818#-#CTG#910	ACT
ChrB#192815#-#ATG#860	CTG
ChrB#192655#-#ATG#660	TTT
ChrB#192140#-#ATG#630	GGA
ChrB#191438#-#ATG#870	GAT
ChrB#191435#-#CTG#870	ATG
ChrB#191432#-#CTG#920	CTG
ChrB#190920#-#ATG#750	TTT
ChrB#190914#-#CTG#760	AGT
ChrB#190866#-#CTG#750	CTC
ChrB#190783#-#CTG#770	CCT
ChrB#190626#-#ATG#650	GTT
ChrB#189772#-#CTG#760	TAG
ChrB#189672#-#ATG#630	TCC
ChrB#189409#-#CTG#880	TCT
ChrB#189364#-#CTG#780	AAT
ChrB#189361#-#ATG#830	CTG
ChrB#189355#-#ATG#860	ACT
ChrB#188738#-#CTG#800	GTT
ChrB#188708#-#CTG#760	GCT
ChrB#188515#-#CTG#830	ACC
ChrB#188487#-#CTG#830	AGG
ChrB#188467#-#CTG#990	TTG
ChrB#188451#-#CTG#780	CCT
ChrB#188418#-#ATG#770	CAG
ChrB#188400#-#CTG#760	CTC
ChrB#187927#-#CTG#880	AGA
ChrB#187924#-#CTG#900	CTG
ChrB#187877#-#ATG#710	TGT
ChrB#187841#-#CTG#900	TCC
ChrB#187811#-#ATG#750	AGA
ChrB#187805#-#CTG#880	GTT
ChrB#187772#-#ATG#790	GGC
ChrB#187751#-#CTG#830	CTC
ChrB#187733#-#CTG#840	TGT
ChrB#186872#-#ATG#710	ACA
ChrB#186818#-#ATG#740	TCA
ChrB#186752#-#ATG#790	AGA
ChrB#186697#-#ATG#540	ACA
ChrB#186563#-#ATG#830	TTC
ChrB#186554#-#CTG#780	CTA
ChrB#186551#-#CTG#840	CTG
ChrB#186230#-#CTG#800	TTG
ChrB#185561#-#CTG#810	GCT
ChrB#185297#-#CTG#860	ATT
ChrB#185291#-#ATG#940	TTA
ChrB#185261#-#CTG#890	TTG
ChrB#184310#-#ATG#800	GAC
ChrB#183653#-#CTG#870	TAA
ChrB#183424#-#CTG#900	GGT
ChrB#183373#-#ATG#540	GTA
ChrB#182206#-#ATG#820	CAT
ChrB#182191#-#ATG#810	GCC
ChrB#182119#-#CTG#830	TCA
ChrB#182071#-#CTG#800	TCT
ChrB#181987#-#ATG#670	ATC
ChrB#181844#-#ATG#530	ATA
ChrB#181790#-#ATG#650	AGA
ChrB#178739#-#ATG#500	CAT
ChrB#178720#-#ATG#830	TCC
ChrB#178693#-#ATG#590	TTC
ChrB#178394#-#ATG#810	CCA
ChrB#178382#-#CTG#790	TTT
ChrB#178355#-#CTG#840	GCC
ChrB#178352#-#CTG#820	CTG
ChrB#178278#-#CTG#800	AAG
ChrB#178272#-#CTG#800	GCC
ChrB#178153#-#ATG#850	AAT
ChrB#178090#-#ATG#560	AAA
ChrB#178073#-#CTG#920	ATT
ChrB#178070#-#CTG#940	CTG
ChrB#178043#-#CTG#850	AAG
ChrB#178016#-#ATG#870	AAA
ChrB#177741#-#ATG#680	TCT
ChrB#177738#-#ATG#650	ATG
ChrB#175567#-#CTG#750	TGG
ChrB#175051#-#ATG#570	TAG
ChrB#174984#-#ATG#550	AAT
ChrB#174900#-#ATG#810	TAC
ChrB#174874#-#ATG#570	GCA
ChrB#174856#-#ATG#600	ATA
ChrB#173975#-#ATG#570	GAA
ChrB#173526#-#ATG#570	AAT
ChrB#173040#-#ATG#500	TAG
ChrB#172971#-#ATG#780	TAG
ChrB#172941#-#ATG#790	TCT
ChrB#172862#-#ATG#660	AGG
ChrB#171982#-#CTG#870	AAA
ChrB#171706#-#ATG#850	ACA
ChrB#171205#-#ATG#690	GGC
ChrB#170125#-#ATG#970	ACA
ChrB#169928#-#ATG#500	TAC
ChrB#169726#-#ATG#540	ACC
ChrB#169075#-#CTG#800	GAG
ChrB#168925#-#ATG#710	CCC
ChrB#168436#-#CTG#800	GCC
ChrB#168032#-#ATG#520	GTG
ChrB#167716#-#CTG#800	TCT
ChrB#167435#-#ATG#870	ATT
ChrB#166990#-#ATG#850	CAT
ChrB#166377#-#CTG#980	GTG
ChrB#165981#-#ATG#940	TAC
ChrB#165306#-#CTG#800	TAT
ChrB#164940#-#CTG#920	CTT
ChrB#164931#-#ATG#840	CCC
ChrB#164851#-#CTG#880	CTT
ChrB#164842#-#ATG#840	TCC
ChrB#164688#-#ATG#590	TTG
ChrB#164665#-#ATG#700	TGA
ChrB#163571#-#CTG#780	TGG
ChrB#163448#-#ATG#800	TCT
ChrB#163341#-#ATG#550	TCA
ChrB#163105#-#ATG#860	ACT
ChrB#163084#-#CTG#830	TTT
ChrB#162699#-#ATG#840	TTA
ChrB#162540#-#ATG#700	TTG
ChrB#162169#-#ATG#540	GTG
ChrB#162095#-#CTG#780	CTT
ChrB#161951#-#ATG#840	TCC
ChrB#161759#-#CTG#750	GTT
ChrB#161402#-#CTG#840	ACT
ChrB#161186#-#ATG#570	ACA
ChrB#161048#-#CTG#860	ACC
ChrB#161015#-#ATG#880	AAA
ChrB#161012#-#CTG#870	ATG
ChrB#160991#-#CTG#930	GAA
ChrB#160459#-#CTG#750	TCT
ChrB#160447#-#ATG#580	TCC
ChrB#160137#-#ATG#610	GAA
ChrB#159859#-#CTG#840	TCT
ChrB#159593#-#CTG#750	TAG
ChrB#159507#-#CTG#770	GGT
ChrB#159479#-#CTG#760	TGC
ChrB#158805#-#ATG#850	GGC
ChrB#158724#-#CTG#790	CTC
ChrB#158709#-#CTG#790	GAC
ChrB#158670#-#ATG#540	GGC
ChrB#158339#-#ATG#780	TTA
ChrB#158266#-#ATG#740	TTT
ChrB#158206#-#ATG#790	ATA
ChrB#158046#-#CTG#820	ATC
ChrB#157290#-#CTG#880	GAA
ChrB#157040#-#ATG#500	TAA
ChrB#156745#-#ATG#600	CTA
ChrB#156331#-#ATG#650	TAA
ChrB#156054#-#ATG#570	TGT
ChrB#156030#-#CTG#750	TTC
ChrB#155578#-#ATG#690	CGT
ChrB#155574#-#ATG#690	TGA
ChrB#155547#-#CTG#760	CTG
ChrB#155383#-#CTG#760	TTA
ChrB#155347#-#CTG#930	CAA
ChrB#155274#-#ATG#630	GGC
ChrB#155271#-#ATG#830	ATG
ChrB#154969#-#ATG#550	CTG
ChrB#154643#-#ATG#620	TGC
ChrB#153785#-#ATG#530	ACC
ChrB#153714#-#CTG#760	AGC
ChrB#153687#-#CTG#850	GCT
ChrB#153662#-#ATG#730	AGG
ChrB#153647#-#CTG#840	CCA
ChrB#153632#-#ATG#740	GCC
ChrB#153460#-#ATG#570	ACT
ChrB#152584#-#ATG#500	GAG
ChrB#152198#-#ATG#670	CAG
ChrB#151981#-#ATG#630	TAG
ChrB#151633#-#CTG#790	GAG
ChrB#151152#-#ATG#880	AAG
ChrB#151149#-#ATG#860	ATG
ChrB#150828#-#ATG#720	TTT
ChrB#150683#-#ATG#870	ACC
ChrB#150380#-#CTG#820	TTT
ChrB#150180#-#ATG#800	GGT
ChrB#149984#-#CTG#800	TCC
ChrB#149940#-#ATG#780	ACT
ChrB#149879#-#CTG#750	AGC
ChrB#149862#-#ATG#540	AAG
ChrB#149796#-#CTG#990	TAT
ChrB#149698#-#ATG#870	AAA
ChrB#149233#-#CTG#800	GAT
ChrB#148862#-#ATG#590	CCT
ChrB#148798#-#ATG#520	GTT
ChrB#148087#-#ATG#680	TAG
ChrB#147751#-#CTG#940	GAA
ChrB#147730#-#CTG#880	CAA
ChrB#147706#-#CTG#960	TTC
ChrB#147697#-#CTG#900	GAC
ChrB#147308#-#CTG#830	CCA
ChrB#147302#-#CTG#860	CAC
ChrB#146945#-#CTG#860	ACT
ChrB#146740#-#ATG#720	AAC
ChrB#146460#-#ATG#770	TTA
ChrB#141564#-#ATG#500	ATG
ChrB#139190#-#CTG#910	TCA
ChrB#138966#-#ATG#530	TTC
ChrB#138363#-#ATG#560	CTC
ChrB#138135#-#CTG#750	CCA
ChrB#137707#-#CTG#760	CCT
ChrB#137477#-#CTG#780	GAT
ChrB#136633#-#ATG#870	ATC
ChrB#136217#-#ATG#660	GTA
ChrB#136056#-#ATG#610	TAA
ChrB#135749#-#ATG#790	CAA
ChrB#135692#-#ATG#910	TTC
ChrB#135683#-#ATG#890	ATC
ChrB#135617#-#CTG#840	GTC
ChrB#135539#-#GTG#1000	ACG
ChrB#134944#-#ATG#510	TGA
ChrB#134851#-#ATG#800	GAG
ChrB#134847#-#ATG#570	TGG
ChrB#134715#-#ATG#720	TTC
ChrB#134526#-#CTG#850	TGG
ChrB#134458#-#ATG#740	CCG
ChrB#134124#-#ATG#840	CTT
ChrB#134072#-#CTG#820	CAC
ChrB#134003#-#CTG#800	CCT
ChrB#133907#-#ATG#810	TCC
ChrB#133713#-#ATG#720	TCC
ChrB#133589#-#ATG#820	GGG
ChrB#133011#-#CTG#980	TAC
ChrB#133002#-#CTG#890	AAG
ChrB#132955#-#CTG#860	TCT
ChrB#132944#-#CTG#760	GGC
ChrB#132937#-#CTG#770	CTC
ChrB#132754#-#ATG#770	GCA
ChrB#132718#-#CTG#880	CTC
ChrB#132686#-#CTG#820	CTC
ChrB#131635#-#CTG#790	ACA
ChrB#131323#-#ATG#580	CAC
ChrB#131129#-#ATG#580	TGG
ChrB#130700#-#CTG#810	GGC
ChrB#128527#-#CTG#830	ATA
ChrB#128260#-#CTG#770	TCT
ChrB#128183#-#CTG#880	GTT
ChrB#128180#-#ATG#1000	CTG
ChrB#128112#-#CTG#880	TGA
ChrB#126971#-#CTG#780	GCA
ChrB#126885#-#CTG#890	AAG
ChrB#126822#-#CTG#850	GGG
ChrB#126816#-#CTG#840	ACA
ChrB#126801#-#ATG#600	ATA
ChrB#126769#-#CTG#800	GGC
ChrB#126130#-#CTG#850	ACC
ChrB#126124#-#CTG#830	AAG
ChrB#125953#-#ATG#660	CAG
ChrB#125631#-#ATG#570	CAG
ChrB#124462#-#ATG#530	GTC
ChrB#124414#-#ATG#650	TTG
ChrB#124390#-#CTG#770	TTA
ChrB#122470#-#ATG#650	TAA
ChrB#120525#-#CTG#750	GAG
ChrB#120510#-#CTG#830	GGG
ChrB#119987#-#ATG#710	ACC
ChrB#119638#-#ATG#510	CCC
ChrB#119093#-#ATG#760	TAG
ChrB#118791#-#ATG#550	CCC
ChrB#118471#-#CTG#970	GAG
ChrB#118447#-#CTG#880	GCA
ChrB#118423#-#CTG#790	TGC
ChrB#118245#-#ATG#500	TCC
ChrB#118185#-#CTG#780	ACC
ChrB#118173#-#CTG#810	ACA
ChrB#118125#-#CTG#870	CAC
ChrB#118092#-#ATG#660	CTG
ChrB#118077#-#CTG#800	GCT
ChrB#118045#-#CTG#830	GCT
ChrB#117932#-#ATG#610	TGC
ChrB#117926#-#CTG#780	CTC
ChrB#117884#-#ATG#710	CCC
ChrB#117845#-#ATG#820	TTG
ChrB#117550#-#CTG#790	ATC
ChrB#116079#-#CTG#780	GAC
ChrB#115175#-#ATG#510	ACT
ChrB#115131#-#ATG#500	AAA
ChrB#115065#-#CTG#960	CAG
ChrB#114855#-#ATG#520	AAA
ChrB#114318#-#CTG#800	CAT
ChrB#113546#-#CTG#850	ACG
ChrB#113495#-#CTG#770	TGC
ChrB#113477#-#CTG#820	CTC
ChrB#113468#-#ATG#690	AGG
ChrB#113462#-#CTG#810	GGC
ChrB#113456#-#CTG#760	TCT
ChrB#113309#-#ATG#540	CAC
ChrB#113243#-#ATG#750	CTT
ChrB#112647#-#CTG#940	CAG
ChrB#112632#-#ATG#540	GTC
ChrB#112297#-#CTG#760	ACC
ChrB#112252#-#ATG#910	AGA
ChrB#112173#-#ATG#890	AGA
ChrB#112094#-#ATG#820	AGA
ChrB#111857#-#ATG#920	AGA
ChrB#111614#-#CTG#860	TCC
ChrB#111602#-#CTG#760	TGG
ChrB#111590#-#ATG#830	GGG
ChrB#111569#-#ATG#900	AAG
ChrB#111563#-#CTG#890	AAC
ChrB#111530#-#ATG#890	AAA
ChrB#111503#-#CTG#800	AAG
ChrB#110910#-#CTG#750	TAG
ChrB#110866#-#CTG#760	AGG
ChrB#110810#-#CTG#960	CCA
ChrB#110791#-#ATG#690	GCA
ChrB#108781#-#ATG#710	TGT
ChrB#107690#-#ATG#640	TAT
ChrB#107630#-#ATG#890	GAT
ChrB#107573#-#CTG#820	AGT
ChrB#106881#-#CTG#760	CTC
ChrB#106603#-#CTG#800	ATC
ChrB#106548#-#ATG#500	TCG
ChrB#105935#-#ATG#640	AAA
ChrB#105820#-#ATG#540	TGT
ChrB#105357#-#ATG#930	CAA
ChrB#105327#-#CTG#810	CTC
ChrB#105318#-#CTG#880	TTC
ChrB#104876#-#CTG#880	TTT
ChrB#104837#-#CTG#950	GCT
ChrB#104828#-#CTG#770	ATT
ChrB#104650#-#ATG#560	TCC
ChrB#104356#-#ATG#670	TTG
ChrB#104207#-#CTG#840	TTA
ChrB#104161#-#CTG#850	GCC
ChrB#103541#-#CTG#900	TCA
ChrB#102737#-#ATG#830	TCA
ChrB#102532#-#ATG#670	AAC
ChrB#102520#-#ATG#620	CAG
ChrB#101925#-#ATG#770	GAG
ChrB#101346#-#CTG#820	TGC
ChrB#101298#-#CTG#830	GTC
ChrB#101115#-#ATG#660	CGT
ChrB#100989#-#ATG#550	CTC
ChrB#100177#-#CTG#870	CTC
ChrB#100174#-#CTG#850	CTG
ChrB#99882#-#ATG#780	GTC
ChrB#99786#-#CTG#800	AGG
ChrB#99757#-#CTG#760	TCT
ChrB#99718#-#CTG#770	CAC
ChrB#99448#-#ATG#500	GGG
ChrB#99432#-#CTG#800	CCA
ChrB#99429#-#CTG#820	CTG
ChrB#99399#-#CTG#830	TGC
ChrB#98730#-#CTG#980	AAG
ChrB#98669#-#CTG#860	TCT
ChrB#98663#-#CTG#870	ATC
ChrB#97748#-#ATG#540	CTG
ChrB#97539#-#CTG#850	CAT
ChrB#97512#-#CTG#970	AAG
ChrB#47046#-#ATG#500	ACC
ChrB#46937#-#CTG#780	TCA
ChrB#46491#-#CTG#810	GCA
ChrB#46135#-#CTG#940	CTC
ChrB#46114#-#CTG#810	AAG
ChrB#45766#-#ATG#600	TGC
ChrB#45133#-#ATG#630	CTG
ChrB#44475#-#CTG#810	TAT
ChrB#44153#-#ATG#570	ACA
ChrB#44121#-#ATG#710	GTA
ChrB#43972#-#ATG#630	TGA
ChrB#42859#-#ATG#740	TCC
ChrB#42634#-#ATG#730	GCC
ChrB#42628#-#CTG#750	CTC
ChrB#42604#-#CTG#850	GAG
ChrB#42312#-#CTG#800	TTC
ChrB#41583#-#CTG#790	ACG
ChrB#40810#-#CTG#940	CTC
ChrB#40786#-#CTG#770	CTC
ChrB#40669#-#CTG#780	CAC
ChrB#40536#-#CTG#910	GCG
ChrB#39945#-#CTG#820	CCC
ChrB#39915#-#CTG#900	AAA
ChrB#39781#-#ATG#540	GCA
ChrB#39626#-#CTG#760	CCT
ChrB#39522#-#ATG#660	TAG
ChrB#39368#-#CTG#770	TTC
ChrB#38944#-#CTG#800	AGG
ChrB#38744#-#ATG#890	GCA
ChrB#37949#-#CTG#780	AAG
ChrB#37718#-#CTG#770	TCT
ChrB#37594#-#CTG#910	CTC
ChrB#36373#-#ATG#600	TTG
ChrB#36342#-#CTG#860	AGG
ChrB#36321#-#ATG#840	ATA
ChrB#36103#-#CTG#850	CCA
ChrB#35614#-#CTG#930	CAA
ChrB#35584#-#ATG#980	GAT
ChrB#35356#-#CTG#800	CAC
ChrB#34706#-#ATG#500	GAG
ChrB#34679#-#CTG#800	AGG
ChrB#34655#-#CTG#870	TTG
ChrB#34404#-#ATG#570	CCC
ChrB#34361#-#ATG#610	CTA
ChrB#33895#-#CTG#780	CCA
ChrB#32968#-#CTG#810	GTG
ChrB#32163#-#ATG#740	GAA
ChrB#31821#-#ATG#640	AAT
ChrB#31138#-#CTG#780	TTT
ChrB#30885#-#ATG#540	TTA
ChrB#30552#-#ATG#650	TAA
ChrB#30534#-#ATG#540	GAG
ChrB#28534#-#ATG#730	GAG
ChrB#28404#-#CTG#880	CTT
ChrB#28093#-#ATG#640	TCC
ChrB#27691#-#ATG#520	GGC
ChrB#27558#-#ATG#660	ATA
ChrB#27466#-#ATG#820	AAA
ChrB#27454#-#CTG#800	TCA
ChrB#27379#-#CTG#770	TAG
ChrB#26658#-#ATG#620	TAC
ChrB#24578#-#ATG#650	GGG
ChrB#23481#-#ATG#620	GGC
ChrB#23445#-#CTG#880	TTA
ChrB#23432#-#ATG#700	GTA
ChrB#22631#-#ATG#600	TCT
ChrB#22604#-#ATG#710	CAA
ChrB#22239#-#ATG#990	GTA
ChrB#22158#-#ATG#580	GGA
ChrB#22138#-#CTG#820	AAG
ChrB#21552#-#CTG#770	AGC
ChrB#21330#-#ATG#540	CAG
ChrB#20133#-#CTG#880	TAG
ChrB#19774#-#ATG#700	ATC
ChrB#19686#-#CTG#790	AGG
ChrB#19641#-#CTG#770	CTT
ChrB#19545#-#ATG#690	GAG
ChrB#19515#-#CTG#780	CCT
ChrB#18933#-#ATG#720	GCC
ChrB#18921#-#CTG#890	CGA
ChrB#18906#-#CTG#990	CTC
ChrB#18887#-#CTG#800	CTC
ChrB#18053#-#ATG#680	AAA
ChrB#18025#-#ATG#670	AAA
ChrB#17994#-#ATG#570	GTA
ChrB#17906#-#ATG#570	GCA
ChrB#17831#-#CTG#860	TAG
ChrB#17734#-#CTG#870	CTC
ChrB#17719#-#CTG#840	GAT
ChrB#17694#-#CTG#810	GTT
ChrB#17432#-#ATG#850	GTG
ChrB#17206#-#ATG#820	ACC
ChrB#16708#-#CTG#790	GGG
ChrB#16583#-#ATG#690	AGC
ChrB#16255#-#CTG#760	TCT
ChrB#15573#-#ATG#840	GAC
ChrB#15533#-#ATG#780	CAG
ChrB#14512#-#CTG#830	CCT
ChrB#14077#-#CTG#800	AAG
ChrB#13987#-#ATG#720	AAG
ChrB#13981#-#CTG#790	ACT
ChrB#13910#-#CTG#890	GAG
ChrB#13835#-#CTG#800	CAC
ChrB#13720#-#ATG#550	CTA
ChrB#13114#-#ATG#770	CTT
ChrB#13106#-#CTG#770	TGT
ChrB#13091#-#ATG#800	TTT
ChrB#12737#-#ATG#810	AAG
ChrB#12439#-#CTG#790	CAC
ChrB#11876#-#ATG#730	TAC
ChrB#11858#-#CTG#810	CAT
ChrB#11829#-#ATG#750	TAG
ChrB#11804#-#CTG#800	AGG
ChrB#11549#-#ATG#590	AAC
ChrB#11297#-#ATG#510	CCC
ChrB#10994#-#ATG#700	ACC
ChrB#10691#-#ATG#870	CAC
ChrB#10613#-#ATG#850	CAG
ChrB#10367#-#CTG#770	GTG
ChrB#10047#-#CTG#820	CAC
ChrB#9797#-#ATG#700	ATA
ChrB#9679#-#ATG#570	CTC
ChrB#9624#-#ATG#900	CAG
ChrB#9615#-#CTG#890	CTA
ChrB#9573#-#ATG#830	ACA
ChrB#9313#-#ATG#700	AAA
ChrB#8717#-#CTG#940	AGG
ChrB#6960#-#CTG#770	GTG
ChrB#6640#-#CTG#790	CGC
ChrB#6390#-#ATG#700	ATA
ChrB#6081#-#ATG#540	CTC
ChrB#5622#-#CTG#870	CTC
ChrB#5527#-#ATG#500	CTC
ChrB#5323#-#CTG#750	CCT
ChrB#5314#-#CTG#750	GCC
ChrB#5268#-#ATG#890	CTC
ChrB#5261#-#CTG#870	CAG
ChrB#5243#-#CTG#850	TTT
ChrB#5239#-#CTG#820	TGC
ChrB#5175#-#ATG#680	CTC
ChrB#4989#-#CTG#880	CTC
ChrB#1710#-#CTG#870	AGC
ChrB#1556#-#CTG#840	CCA
ChrB#1263#-#CTG#790	ACT
ChrB#1059#-#CTG#870	CCT
ChrB#1050#-#ATG#750	ACC
